"index","name","LossJulDec12","LossJanJun13","LossJul12Jun13","LossJulDec11","LossJanJun12","LossJul11Jun12","address","type","vo","region","attached_entitlements","egms"
1,"ABRUZZO CLUB",815782.86,0,0,808392.89,772215.56,1580608.45,"377 LYGON STREET EAST BRUNSWICK   VIC 3057","Club","V9410047","Metropolitan","55","59"
2,"ACES SPORTING CLUB",2015469.04,0,0,2580593.06,2206162.5,4786755.56,"CNR HUTTON AND SPRINGVALE ROADS KEYSBOROUGH   VIC 3173","Club","V9410194","Metropolitan","77","77"
3,"ALBION CHARLES HOTEL",2977125.5,0,0,3657245.39,3506213.56,7163458.95,"2 CHARLES STREET NORTHCOTE   VIC 3070","Hotel","V98095066","Metropolitan","50","65"
4,"ALBION HOTEL",1268889.88,0,0,1353033.83,1098638.48,2451672.31,"327 LONSDALE STREET DANDENONG   VIC 3175","Hotel","V9210159","Metropolitan","24","24"
5,"ALEXANDRA HOUSE SPORTS CLUB",1239568.14,0,0,1382761.38,1301166.05,2683927.43,"134 BROWN STREET HAMILTON   VIC 3300","Club","V9310024","Country","35","35"
6,"ALL SEASONS INTERNATIONAL HOTEL BENDIGO",5114271.41,0,0,5333488.32,5103071.33,10436559.65,"171-183 MCIVOR ROAD BENDIGO   VIC 3550","Hotel","V07096012","Country","100","100"
7,"ALMA SPORTS CLUB",0,0,0,172896.56,0,172896.56,"1 WILKS STREET NORTH CAULFIELD 3161","Club","V9410180","Metropolitan","0","26"
8,"ALTONA BOWLING CLUB",1192759.01,0,0,1416625.57,1340394.35,2757019.92,"113 CIVIC PARADE ALTONA   VIC 3018","Club","V9410109","Metropolitan","37","37"
9,"ALTONA RSL",1853995.7,0,0,1944049.33,1963006.28,3907055.61,"31 SARGOOD STREET ALTONA   VIC 3018","Club","V98095043","Metropolitan","58","58"
10,"ALTONA SPORTS CLUB",2011540.06,0,0,2195926.35,2039936.17,4235862.52,"11 ALTONA ROAD SEAHOLME   VIC 3018","Club","V9780022","Metropolitan","83","83"
11,"American Hotel",NA,NA,NA,NA,NA,NA,"239-249 Hare Street Echuca 3564","Hotel","V09096294","Country","42","42"
12,"AMSTEL GOLF CLUB",3302938.42,0,0,3408879.35,2950564.61,6359443.96,"1000 CRANBOURNE-FRANKSTON ROAD CRANBOURNE   VIC 3977","Club","V9210181","Metropolitan","80","80"
13,"ANGEL TAVERN",2259352.5,0,0,2226559.53,2262883.03,4489442.56,"641 DANDENONG ROAD MALVERN 3144","Hotel","V08096165","Metropolitan","45","45"
15,"ANGLESEA GOLF CLUB",426052.17,0,0,519680.76,511369.95,1031050.71,"GOLF LINKS ROAD ANGLESEA   VIC 3230","Club","V9210193","Country","34","34"
16,"ARARAT RSL",1985765.58,0,0,2238523.89,2008370.09,4246893.98,"74-76 HIGH STREET ARARAT    VIC 3377","Club","V9510044","Country","55","55"
17,"ASHLEY HOTEL",5210447.03,0,0,5861668.8,5268743.37,11130412.17,"226 BALLARAT ROAD BRAYBROOK   VIC 3019","Hotel","V98095066","Metropolitan","50","50"
18,"ASPENDALE EDITHVALE RSL",0,0,0,49998.99,0,49998.99,"111 KINROSS AVENUE EDITHVALE   VIC 3196","Club","V98095114","Metropolitan","0","49"
19,"AUSTRAL HOTEL",940048.24,0,0,1012800.89,936174.14,1948975.03,"185 MURRAY STREET COLAC    VIC 3250","Hotel","V9410167","Country","23","23"
20,"AUSTRALIAN CROATIAN ASSOCIATION",0,0,0,0,0,0,"72 WHITEHALL STREET FOOTSCRAY    VIC 3011","Club","V9310116","Metropolitan","0","0"
21,"AUSTRALIAN CROATIAN NATIONAL HALL",1740510.67,0,0,1635282.1,1440876.52,3076158.62,"101-111 SEPARATION STREET BELL PARK 3215","Club","V9610091","Country","30","30"
22,"BACCHUS MARSH GOLF CLUB",622045.43,0,0,807272.12,658240.11,1465512.23,"LINKS ROAD BACCHUS MARSH    VIC 3340","Club","V01095398","Country","30","30"
23,"BAIRNSDALE BOWLS CLUB",793305.59,0,0,825485.05,747251.74,1572736.79,"CNR GRANT &amp; PEARSON STS BAIRNSDALE   VIC 3875","Club","V9410091","Country","25","25"
24,"BAIRNSDALE CLUB",517849.36,0,0,538321.72,509557.23,1047878.95,"68 NICHOLSON STREET BAIRNSDALE   VIC 3875","Club","V9210207","Country","15","15"
25,"BAIRNSDALE RSL",2233457.3,0,0,2933220.38,2697128.81,5630349.19,"2 FORGE CREEK ROAD BAIRNSDALE  VIC 3875","Club","V9710048","Country","51","69"
26,"BAIRNSDALE SPORTING AND CONVENTION CENTRE",1090144.52,0,0,1099114.32,1053342.96,2152457.28,"117 OMEO HIGHWAY BAIRNSDALE  VIC 3875","Club","V9310112","Country","37","37"
27,"BAKERS ARMS HOTEL",1873709.49,0,0,1851839.81,1839552.68,3691392.49,"355 VICTORIA STREET ABBOTSFORD 3067","Hotel","V02095523","Metropolitan","32","32"
28,"BALACLAVA HOTEL",3309329.05,0,0,3611492.91,3288799.6,6900292.51,"123 CARLISLE STREET BALACLAVA   VIC 3183","Hotel","V98095066","Metropolitan","45","45"
29,"BALLARAT GOLF CLUB",1041753.75,0,0,1077548.64,1067719.43,2145268.07,"1802 STURT STREET BALLARAT 3350","Club","V9310088","Country","28","28"
30,"BALLARAT LEAGUES CLUB",1716344.32,0,0,1971960.74,1788011.3,3759972.04,"52 HUMFFRAY STREET NORTH BALLARAT   VIC 3350","Club","V9710078","Country","54","54"
31,"BALLARAT &amp; DISTRICT TROTTING CLUB",2753957.49,0,0,2932733.27,2750074.19,5682807.46,"BRAY RACEWAY, BELL STREET BALLARAT   VIC 3350","Club","V9510090","Country","50","50"
33,"BARWON HEADS HOTEL",563980.61,0,0,611561.1,640698.03,1252259.13,"1 BRIDGE ROAD BARWON HEADS   VIC 3227","Hotel","V05095902","Country","29","29"
34,"BATMAN'S HILL ON COLLINS",1107674.67,0,0,1471271.98,1205846.12,2677118.1,"623 COLLINS STREET MELBOURNE 3000","Hotel","V06095952","Metropolitan","22","22"
35,"BAXTER TAVERN HOTEL MOTEL",1843322.41,0,0,1950866.47,1917416.58,3868283.05,"117 BAXTER-TOORADIN ROAD BAXTER   VIC 3911","Hotel","V9610070","Metropolitan","30","30"
36,"BAYSWATER HOTEL",5690226.72,0,0,6923108.25,6396812.67,13319920.92,"780 MOUNTAIN HIGHWAY BAYSWATER   VIC 3153","Hotel","V98095066","Metropolitan","80","105"
37,"BEAUMARIS EX-SERVICES CLUB",291734.31,0,0,391580,330946.09,722526.09,"489 BALCOMBE ROAD BEAUMARIS   VIC 3193","Club","V00095376","Metropolitan","30","30"
39,"BELL'S HOTEL",NA,NA,NA,NA,NA,NA,"157 MORAY STREET SOUTH MELBOURNE 3205","Hotel","V12100010","Metropolitan","40","40"
40,"BELL PARK SPORT &amp; RECREATION CLUB",466317.56,0,0,607771.86,502817.09,1110588.95,"34-70 CALVERT STREET HAMLYN HEIGHTS   VIC 3215","Club","V9310025","Country","28","28"
41,"BENALLA BOWLS CLUB",1330803.16,0,0,1348802.16,1277643.15,2626445.31,"25 ARUNDEL STREET BENALLA   VIC 3672","Club","V9310095","Country","50","50"
42,"BENALLA GOLF CLUB",420846.01,0,0,472864,449339.78,922203.78,"MANSFIELD ROAD BENALLA    VIC 3672","Club","V9410133","Country","25","25"
43,"BENDIGO DISTRICT RSL CLUB",2602068.17,0,0,2877624.18,2724482.39,5602106.57,"73-75 HAVILAH ROAD BENDIGO   VIC 3550","Club","V00095365","Country","81","81"
44,"BENDIGO STADIUM",2765669.21,0,0,2951107.82,2558321.42,5509429.24,"134 MARONG ROAD GOLDEN SQUARE 3555","Club","V9610010","Country","105","105"
45,"BENTLEIGH CLUB",1147565.88,0,0,1352034.34,1215765.67,2567800.01,"33 YAWLA STREET BENTLEIGH   VIC 3204","Club","V9410081","Metropolitan","80","80"
46,"BENTLEIGH RSL",2942255.43,0,0,2911377.51,2767501.41,5678878.92,"538 CENTRE ROAD BENTLEIGH   VIC 3204","Club","V98095009","Metropolitan","75","75"
47,"BERWICK INN TAVERNER",4713353.71,0,0,5365326.41,4702299.14,10067625.55,"1 HIGH STREET BERWICK    VIC 3806","Hotel","V98095066","Metropolitan","63","63"
49,"BERWICK SPRINGS HOTEL",NA,NA,NA,NA,NA,NA,"288-296 CLYDE ROAD BERWICK 3806","Hotel","V13100018","Metropolitan","85","85"
50,"BIRALLEE TAVERN",681675.11,0,0,757822.46,634149.12,1391971.58,"97-99 MELROSE DRIVE WODONGA   VIC 3690","Hotel","V09096258","Country","30","30"
51,"BLACKBURN HOTEL",4574289.02,0,0,5123853.16,4813127.55,9936980.71,"111 WHITEHORSE ROAD BLACKBURN    VIC 3130","Hotel","V98095066","Metropolitan","71","102"
52,"BLAZING STUMP HOTEL",547565.31,0,0,481646.83,426168.32,907815.15,"4315 ANZAC PARADE WODONGA   VIC 3690","Hotel","V07096043","Country","40","40"
53,"BLUE BELL HOTEL",3029606.39,0,0,3346251.57,3153482.18,6499733.75,"1216 HOWITT STREET WENDOUREE   VIC 3355","Hotel","V98095066","Country","40","48"
54,"BOUNDARY TAVERNER",5307007.19,0,0,6756724.4,5848758.52,12605482.92,"726 CENTRE ROAD BENTLEIGH EAST   VIC 3165","Hotel","V98095066","Metropolitan","75","90"
55,"BOURKE HILL'S WELCOME STRANGER",7169574.92,0,0,7100165.83,6863972.92,13964138.75,"128 BOURKE STREET MELBOURNE    VIC 3000","Hotel","V9310108","Metropolitan","100","100"
56,"BOX HILL GOLF CLUB",970544.96,0,0,544222.28,825735.43,1369957.71,"202 STATION STREET BOX HILL   VIC 3128","Club","V9210199","Metropolitan","39","39"
57,"BOX HILL RSL",3880269.52,0,0,4174331.63,3946592.61,8120924.24,"26 NELSON ROAD BOX HILL   VIC 3128","Club","V98095116","Metropolitan","95","95"
58,"BRAYBROOK HOTEL",2320919.14,0,0,2363027.72,2090782.24,4453809.96,"353 BALLARAT ROAD BRAYBROOK 3019","Hotel","V02095523","Metropolitan","31","31"
59,"BROADMEADOWS SPORTING CLUB",1265639.33,0,0,1473905.56,1346234.9,2820140.46,"111 SUNSET BOULEVARD JACANA   VIC 3047","Club","V9310004","Metropolitan","55","64"
60,"BROWNS CORNER",2097506.89,0,0,2185211.31,2067296.33,4252507.64,"502 SYDNEY ROAD COBURG    VIC 3058","Hotel","V06095980","Metropolitan","28","28"
61,"BUNDOORA BOWLING CLUB",531362.64,0,0,459295.93,393355.62,852651.55,"YULONG RESERVE, CAMERON PARADE BUNDOORA 3083","Club","V98095108","Metropolitan","20","20"
62,"BUNDOORA TAVERNER",9435112.93,0,0,9832846.87,9368974.74,19201821.61,"49 PLENTY ROAD BUNDOORA   VIC 3083","Hotel","V98095066","Metropolitan","90","100"
63,"BURVALE HOTEL",6334584.63,0,0,7491828.73,6527806.91,14019635.64,"CNR SPRINGVALE ROAD &amp; BURWOOD HIGHWAY NUNAWADING   VIC 3131","Hotel","V98095066","Metropolitan","73","103"
64,"CARDINIA CLUB",5316558.48,0,0,5158810.16,4978291.96,10137102.12,"71 RACECOURSE ROAD PAKENHAM   VIC 3810","Club","V9510034","Metropolitan","105","105"
65,"CASA D'ABRUZZO CLUB",2731063.56,0,0,2862723.18,2606178.03,5468901.21,"55 O'HERNS ROAD EPPING   VIC 3076","Club","V9210077","Metropolitan","75","75"
66,"CAULFIELD GLASSHOUSE",6076707.9,0,0,6525832.68,6267433.32,12793266,"STATION STREET CAULFIELD   VIC 3162","Club","V9780041","Metropolitan","105","105"
67,"CAULFIELD RSL",999316.07,0,0,990932.95,935492.85,1926425.8,"4 ST GEORGES ROAD ELSTERNWICK  VIC 3185","Club","V99095183","Metropolitan","52","52"
68,"CELTIC CLUB",499647.51,0,0,560273.78,503504.89,1063778.67,"316 - 320 QUEEN STREET MELBOURNE   VIC 3000","Club","V9510078","Metropolitan","41","46"
69,"CENTURY CITY WALK",4563166.74,0,0,4642632.61,4493944.21,9136576.82,"285-287 SPRINGVALE ROAD GLEN WAVERLEY  VIC 3150","Hotel","V98095066","Metropolitan","65","75"
70,"CHALAMBAR GOLF CLUB",721203,0,0,698265.9,679229.7,1377495.6,"118 GOLF LINKS ROAD ARARAT   VIC 3377","Club","V9210186","Country","33","33"
71,"CHELSEA HEIGHTS HOTEL",2553053.92,0,0,2808512.48,2660588.38,5469100.86,"1 WELLS ROAD CHELSEA HEIGHTS 3196","Hotel","V98095066","Metropolitan","40","40"
72,"CHELSEA RSL",1784656.36,0,0,2033048.03,1829161.03,3862209.06,"4 THAMES PROMENADE CHELSEA   VIC 3196","Club","V98095114","Metropolitan","65","65"
73,"CHELTENHAM MOORABBIN RSL",1044563.16,0,0,1151274.43,1051186.76,2202461.19,"289 CENTRE DANDENONG ROAD CHELTENHAM   VIC 3192","Club","V00095370","Metropolitan","41","41"
74,"CHERRY HILL TAVERN",3777623.17,0,0,4007962.55,3733443.39,7741405.94,"189 REYNOLDS ROAD DONCASTER EAST 3109","Hotel","V98095066","Metropolitan","50","50"
75,"CHIRNSIDE PARK COUNTRY CLUB",614387.52,0,0,646282.27,591096.97,1237379.24,"68 KINGSWOOD DRIVE CHIRNSIDE PARK 3116","Club","V9210106","Metropolitan","37","37"
76,"CITY BOWLS CLUB COLAC",564148.62,0,0,566990.14,468380.35,1035370.49,"CENTRAL RESERVE, GRAVESEND STREET COLAC    VIC 3250","Club","V9510002","Country","20","20"
77,"CITY FAMILY HOTEL",1842956.34,0,0,1771018.29,1893176.11,3664194.4,"41-55 HIGH STREET BENDIGO   VIC 3550","Hotel","V06095964","Country","39","39"
78,"CITY MEMORIAL BOWLS CLUB",1315142.7,0,0,1525114.43,1471082.35,2996196.78,"50-58 CRAMER STREET WARRNAMBOOL   VIC 3280","Club","V9210194","Country","38","38"
79,"CLAYTON BOWLS CLUB",952886.87,0,0,1066700.76,949835.63,2016536.39,"SPRINGS ROAD CLAYTON SOUTH   VIC 3169","Club","V9410161","Metropolitan","29","29"
80,"CLAYTON RSL",2041519.86,0,0,1958337.23,1893000.69,3851337.92,"163 CARINISH ROAD CLAYTON   VIC 3168","Club","V9710064","Metropolitan","71","71"
81,"CLIFTON SPRINGS GOLF CLUB",1486479.31,0,0,1582753.75,1562170.12,3144923.87,"92-94 CLEARWATER DRIVE CLIFTON SPRINGS 3222","Club","V9410013","Country","40","40"
82,"CLOCKS AT FLINDERS STREET STATION",4346710.9,0,0,4243628.59,4012312.35,8255940.94,"SHOP 17, FLINDERS STREET RAILWAY STATION MELBOURNE   VIC 3000","Club","V9510030","Metropolitan","100","100"
83,"CLUB HAWTHORN",616825.75,0,0,907727.83,685477.47,1593205.3,"627 GLENFERRIE ROAD HAWTHORN 3122","Club","V9310107","Metropolitan","43","43"
84,"CLUB HOTEL",2414466.79,0,0,3087269.34,2768293.82,5855563.16,"6 MT DANDENONG ROAD EAST RINGWOOD   VIC 3135","Hotel","V98095066","Metropolitan","50","75"
85,"CLUB HOTEL (FERNTREE GULLY)",2756261.57,0,0,2963935.39,2641738.73,5605674.12,"848 BURWOOD HIGHWAY FERNTREE GULLY   VIC 3156","Hotel","V98095066","Metropolitan","40","45"
86,"CLUB HOTEL (WARRAGUL)",1250645.97,0,0,1174790.98,1167073.84,2341864.82,"51 QUEEN STREET WARRAGUL    VIC 3820","Hotel","V9710006","Country","30","30"
87,"CLUB ITALIA SPORTING CLUB",2406901.22,0,0,2137736.11,1980273.62,4118009.73,"128-152 FURLONG ROAD NORTH SUNSHINE   VIC 3020","Club","V9710058","Metropolitan","60","60"
88,"CLUB KILSYTH",4424404.51,0,0,4684869.07,4058393.58,8743262.65,"CNR CANTERBURY AND COLCHESTER ROADS BAYSWATER NORTH 3143","Club","V9810084","Metropolitan","100","100"
89,"CLUB LAVERTON",3581521.36,0,0,3998935.01,3669613.48,7668548.49,"15 AVIATION ROAD LAVERTON 3028","Club","V00095320","Metropolitan","60","60"
90,"CLUB LEEDS",1703139.72,0,0,1636337.85,1530242.93,3166580.78,"17 LEEDS STREET FOOTSCRAY 3011","Club","V9710073","Metropolitan","25","30"
91,"CLUB RINGWOOD",2354405.61,0,0,2317542.38,2113447.94,4430990.32,"523-531 MAROONDAH HIGHWAY RINGWOOD 3134","Club","V9810084","Metropolitan","75","75"
92,"CLUB TIVOLI",78945.46,0,0,103536.8,64260.1,167796.9,"291 DANDENONG ROAD WINDSOR   VIC 3181","Club","V9210143","Metropolitan","18","18"
93,"CLUB WARRANDYTE",0,0,0,291750.99,146675.73,438426.72,"110 YARRA STREET WARRANDYTE VIC 3113","Club","V99095185","Metropolitan","0","27"
94,"COBDEN GOLF CLUB",637685.92,0,0,671326.18,662307.37,1333633.55,"NEYLON STREET COBDEN     VIC 3266","Club","V9410142","Country","28","28"
95,"COBRAM HOTEL",574570.04,0,0,0,0,0,"8-18 STATION STREET COBRAM 3644","Hotel","V09096271","Country","38","38"
96,"COLAC BOWLING CLUB",480294.35,0,0,449305.29,457987.74,907293.03,"CNR MOORE AND ARMSTRONG STREETS COLAC    VIC 3250","Club","V9410126","Country","20","20"
97,"COLAC RSL",364174.78,0,0,428957.3,336377.52,765334.82,"21 MURRAY STREET COLAC   VIC 3250","Club","V9210205","Country","25","25"
98,"COMMERCIAL HOTEL (CAMPERDOWN)",971583.84,0,0,1116968.65,946547.7,2063516.35,"115 MANIFOLD STREET CAMPERDOWN    VIC 3260","Hotel","V9410104","Country","29","29"
99,"COMMERCIAL HOTEL (SWAN HILL)",445109.37,0,0,561581.65,513905.6,1075487.25,"91-105 CAMPBELL STREET SWAN HILL   VIC 3585","Hotel","V07096000","Country","14","18"
100,"COMMERCIAL TAVERNER",6819325.54,0,0,6869391.03,6063721.49,12933112.52,"111 WATTON STREET WERRIBEE   VIC 3030","Hotel","V98095066","Metropolitan","75","75"
101,"COOLAROO TAVERNER",3162655.88,0,0,3629563.61,3281571.9,6911135.51,"CNR BARRY ROAD &amp; MAFFRA STREET COOLAROO   VIC 3048","Hotel","V98095066","Metropolitan","48","54"
102,"CORRYONG SPORTING COMPLEX",196019.94,0,0,191570.45,203754.94,395325.39,"RECREATION RESERVE CORRYONG   VIC 3707","Club","V9410145","Country","10","10"
103,"COURT HOUSE HOTEL (BACCHUS MARSH)",2000193.04,0,0,2183712.06,1931360.76,4115072.82,"116 MAIN STREET BACCHUS MARSH    VIC 3340","Hotel","V12100009","Country","40","40"
104,"COURT HOUSE HOTEL (BRUNSWICK)",492537.68,0,0,514192,451453.42,965645.42,"615 SYDNEY ROAD BRUNSWICK    VIC 3056","Hotel","V11100000","Metropolitan","20","20"
105,"COURT HOUSE HOTEL (FOOTSCRAY)",1788135.34,0,0,1889305.96,1852354.06,3741660.02,"166 NICHOLSON STREET FOOTSCRAY 3011","Hotel","V98095066","Metropolitan","21","21"
106,"COURT JESTER HOTEL",3859660.55,0,0,4383577.56,4042648.97,8426226.53,"270 CHAPEL STREET PRAHRAN    VIC 3181","Hotel","V04095783","Metropolitan","48","48"
107,"CRAIG'S ROYAL HOTEL",2165800,0,0,2551511.94,2311068.46,4862580.4,"10 LYDIARD STREET SOUTH BALLARAT   VIC 3350","Hotel","V9410066","Country","45","45"
108,"CRAIGIEBURN SPORTING CLUB",5341473.01,0,0,5523781.93,5366180.31,10889962.24,"WILLMOTT PARK, CRAIGIEBURN ROAD CRAIGIEBURN   VIC 3064","Club","V9310034","Metropolitan","70","70"
109,"CRAMERS HOTEL",6061464.18,0,0,6202227.71,5915609.16,12117836.87,"1 CRAMER STREET PRESTON   VIC 3072","Hotel","V98095066","Metropolitan","80","100"
110,"CRANBOURNE RSL",970227.16,0,0,1324384.87,984359.99,2308744.86,"1475 SOUTH GIPPSLAND HIGHWAY CRANBOURNE   VIC 3977","Club","V98095067","Metropolitan","50","50"
111,"CROSS KEYS HOTEL",2002938.21,0,0,2360404.27,2041405.21,4401809.48,"350 PASCOE VALE ROAD ESSENDON    VIC 3040","Hotel","V09096296","Metropolitan","40","40"
112,"CROWN HOTEL",4259250.58,0,0,3868328.73,3625215.33,7493544.06,"273 MAIN STREET LILYDALE  VIC 3140","Hotel","V12100006","Metropolitan","68","68"
113,"CROXTON PARK HOTEL",3554736.41,0,0,4332018.24,3507328.91,7839347.15,"607-619 HIGH STREET THORNBURY   VIC 3071","Hotel","V98095066","Metropolitan","55","100"
114,"CROYDON HOTEL",5242699.93,0,0,4995082.31,4801578.94,9796661.25,"47 MAROONDAH HIGHWAY CROYDON   VIC 3136","Hotel","V00095313","Metropolitan","91","95"
115,"CUMBERLAND HOTEL",1556859.2,0,0,1696675.74,1501695.19,3198370.93,"191 BARKER STREET CASTLEMAINE  VIC 3450","Hotel","V03095561","Country","30","30"
116,"DANDENONG CLUB",4637882.65,0,0,4716242.32,4333602.62,9049844.94,"1579 HEATHERTON ROAD DANDENONG   VIC 3175","Club","V9210098","Metropolitan","94","94"
117,"DANDENONG RSL",3130909.79,0,0,3201068.14,2979980.45,6181048.59,"44 - 50 CLOW STREET DANDENONG   VIC 3175","Club","V98095067","Metropolitan","63","63"
118,"DANDENONG WORKERS SOCIAL CLUB",1828078.06,0,0,1865716.1,1767271.52,3632987.62,"48 WEDGE STREET DANDENONG  VIC 3175","Club","V9410046","Metropolitan","77","77"
119,"DAREBIN RSL",1536519.36,0,0,1362464.61,1311822.27,2674286.88,"402 BELL STREET PRESTON   VIC 3072","Club","V99095218","Metropolitan","65","65"
120,"DAVA HOTEL",1362204.87,0,0,1525606.74,1414675.18,2940281.92,"610 THE ESPLANADE MT MARTHA    VIC 3934","Hotel","V9710027","Metropolitan","32","32"
121,"DAYLESFORD BOWLING CLUB",670689.85,0,0,693560.51,701931.61,1395492.12,"8 CAMP STREET DAYLESFORD   VIC 3460","Club","V9310098","Country","32","32"
122,"DEER PARK CLUB",4766440.06,0,0,4043933.29,4253065.01,8296998.3,"780 BALLARAT ROAD DEER PARK   VIC 3023","Club","V9310129","Metropolitan","68","68"
123,"DEER PARK HOTEL",7688444.3,0,0,9458158.53,8581760.09,18039918.62,"760 BALLARAT ROAD DEER PARK  VIC 3023","Hotel","V98095066","Metropolitan","80","100"
124,"DERRIMUT HOTEL",4562467.35,0,0,4352636.71,4204740.77,8557377.48,"132 DURHAM ROAD SUNSHINE   VIC 3020","Hotel","V99095257","Metropolitan","55","55"
125,"DIAMOND CREEK TAVERN",2111375.27,0,0,2219075.27,1998641.64,4217716.91,"29 MAIN ROAD DIAMOND CREEK   VIC 3089","Hotel","V9780033","Metropolitan","40","40"
126,"DICK WHITTINGTON TAVERN",1122352.55,0,0,1174905.3,1179973.69,2354878.99,"32 CHAPEL STREET ST KILDA   VIC 3182","Hotel","V04095786","Metropolitan","29","29"
127,"DINGLEY INTERNATIONAL HOTEL",7290582.48,0,0,7037441.14,6675807.38,13713248.52,"334 BOUNDARY ROAD DINGLEY   VIC 3172","Hotel","V9210155","Metropolitan","90","90"
128,"DONCASTER HOTEL",7334104.18,0,0,8346047.03,7632028.82,15978075.85,"855 DONCASTER ROAD DONCASTER   VIC 3108","Hotel","V98095066","Metropolitan","80","100"
129,"DORSET GARDENS HOTEL",8115305.68,0,0,7685200.6,7602014.59,15287215.19,"335 DORSET ROAD CROYDON 3136","Hotel","V06095993","Metropolitan","97","97"
130,"DROMANA HOTEL",2564287.88,0,0,2576356.33,2794012.21,5370368.54,"151-165 NEPEAN HIGHWAY DROMANA   VIC 3936","Hotel","V9410076","Metropolitan","41","41"
131,"DRUMS HOTEL",5288799.59,0,0,5242839.31,4888577.89,10131417.2,"613 SYDNEY ROAD COBURG   VIC 3058","Hotel","V9610062","Metropolitan","75","85"
132,"DUKE OF EDINBURGH",3039604.53,0,0,3171624.25,3016072.77,6187697.02,"430-436 SYDNEY ROAD BRUNSWICK VIC 3056","Hotel","V12100008","Metropolitan","50","50"
133,"EAST MALVERN RSL",468408.66,0,0,496258.4,485662.18,981920.58,"STANLEY GROSE DRIVE MALVERN EAST 3145","Club","V98095037","Metropolitan","33","33"
134,"EASTWOOD GOLF CLUB",135158.12,0,0,185027.32,150266.42,335293.74,"LIVERPOOL ROAD KILSYTH   VIC 3137","Club","V9210145","Metropolitan","19","19"
135,"ECHUCA HOTEL",490134.34,0,0,368991.05,419711.5,788702.55,"569-571 HIGH STREET ECHUCA     VIC 3564","Hotel","V03095658","Country","30","30"
136,"ECHUCA WORKERS AND SERVICES CLUB",1745064.94,0,0,1897846.61,1855889.15,3753735.76,"165 -171 ANNESLEY STREET ECHUCA   VIC 3564","Club","V9310122","Country","84","84"
137,"EDWARDES LAKE HOTEL",6675890.98,0,0,5872160.42,5948983.73,11821144.15,"257 EDWARDES STREET RESERVOIR 3073","Hotel","V9510066","Metropolitan","100","100"
138,"ELGIN'S",2448418.66,0,0,2708956.7,2438320.07,5147276.77,"51-53 ELGIN STREET WODONGA   VIC 3690","Hotel","V9210211","Country","80","80"
139,"ELSTERNWICK HOTEL",891635.73,0,0,1154524.01,1048801.3,2203325.31,"259 BRIGHTON ROAD ELWOOD    VIC 3184","Hotel","V98095066","Metropolitan","28","34"
140,"ELTHAM HOTEL",2062418.88,0,0,2661215.95,2424278.85,5085494.8,"746 MAIN ROAD ELTHAM   VIC 3095","Hotel","V98095066","Metropolitan","40","57"
142,"ELWOOD RSL",83919.32,0,0,526522.27,435595.39,962117.66,"2 PINE AVENUE ELWOOD   VIC 3184","Club","V99095170","Metropolitan","0","34"
143,"EPPING HOTEL",3767464.45,0,0,4007187.5,3899201.35,7906388.85,"743 HIGH STREET EPPING   VIC 3076","Hotel","V05095899","Metropolitan","40","40"
144,"EPPING PLAZA HOTEL",10831367.11,0,0,11047676.56,10360817.07,21408493.63,"EPPING PLAZA SHOPPING CENTRE, CNR HIGH &amp; COOPER ST EPPING   VIC 3076","Hotel","V9510064","Metropolitan","100","100"
145,"EPPING RSL",1517846.77,0,0,1506113.37,1420355.54,2926468.91,"195 HARVEST HOME ROAD EPPING    VIC 3076","Club","V99095214","Metropolitan","45","45"
146,"ESPLANADE HOTEL (INVERLOCH)",126677.52,0,0,1045901.24,802647.44,1848548.68,"1 A'BECKETT STREET INVERLOCH 3996","Hotel","V9410024","Country","0","17"
147,"ESPLANADE HOTEL (QUEENSCLIFF)",171609.64,0,0,224469.81,244880.32,469350.13,"2 GELLIBRAND STREET QUEENSCLIFF 3225","Hotel","V06095960","Country","20","20"
148,"ESSENDON FOOTBALL &amp; COMMUNITY SPORTING CLUB",3327599.37,0,0,3392658.03,3425479.51,6818137.54,"CNR NAPIER STREET &amp; BREWSTER STREET ESSENDON   VIC 3040","Club","V04095766","Metropolitan","100","100"
149,"EXCELSIOR HOTEL",7714525.48,0,0,9806928.85,9132898.25,18939827.1,"82 MAHONEY'S ROAD THOMASTOWN   VIC 3074","Hotel","V98095066","Metropolitan","87","105"
150,"FAIRFIELD &amp; ALPHINGTON RSL",491533.99,0,0,503198.53,426167.27,929365.8,"7 RAILWAY PLACE FAIRFIELD    VIC 3078","Club","V99095218","Metropolitan","30","30"
151,"FAMILY HOTEL",776940.19,0,0,864178.3,804101.69,1668279.99,"65 PRINCES WAY DROUIN 3818","Hotel","V04095713","Country","20","20"
152,"FAWKNER RSL",711432.58,0,0,771893.58,664462.93,1436356.51,"135 LORNE STREET FAWKNER    VIC 3060","Club","V98095094","Metropolitan","35","35"
153,"FERNTREE GULLY BOWLING CLUB",618066.05,0,0,666097.66,586491.81,1252589.47,"14 MERRICKS CLOSE FERNTREE GULLY   VIC 3156","Club","V9410085","Metropolitan","34","34"
154,"FERNTREE GULLY HOTEL",2511403.41,0,0,3270944.47,2452544.28,5723488.75,"1130 BURWOOD HIGHWAY FERNTREE GULLY   VIC 3156","Hotel","V98095066","Metropolitan","50","70"
155,"FIRST &amp; LAST HOTEL",5190211.45,0,0,6140338.92,5299262.21,11439601.13,"1141 SYDNEY ROAD FAWKNER   VIC 3060","Hotel","V98095066","Metropolitan","60","70"
156,"FLEMINGTON RACECOURSE TABARET",1811049.88,0,0,1525794.23,1553697.18,3079491.41,"EPSOM ROAD FLEMINGTON   VIC 3031","Club","V9780048","Metropolitan","80","80"
157,"Flying Horse Bar and Brewery",NA,NA,NA,NA,NA,NA,"10691-10699 Princes Highway Warrnambool 3280","Hotel","V09096300","Country","8","8"
158,"FORESTERS ARMS HOTEL",2750247.45,0,0,2976580.01,2796329.05,5772909.06,"1529 DANDENONG ROAD OAKLEIGH    VIC 3166","Hotel","V07096008","Metropolitan","46","46"
159,"FOSTER GOLF CLUB",435936.95,0,0,460406.96,496295.41,956702.37,"7 RESERVE STREET FOSTER    VIC 3960","Club","V9310111","Country","25","25"
160,"FOUNTAIN GATE TAVERNER",7411908.28,0,0,8152545.98,7411452.08,15563998.06,"FOUNTAIN GATE SHOPPING CENTRE, OVERLAND DRIVE NARRE WARREN 3805","Hotel","V98095066","Metropolitan","80","95"
161,"FRANKSTON FOOTBALL CLUB",716610.37,0,0,825162.76,717986.4,1543149.16,"CNR PLOWMAN PLACE &amp; YOUNG STREET FRANKSTON   VIC 3199","Club","V9410049","Metropolitan","27","27"
162,"FRANKSTON RSL",4709711.28,0,0,4799965.41,4344529.3,9144494.71,"183 CRANBOURNE ROAD FRANKSTON  VIC 3199","Club","V9780030","Metropolitan","82","82"
163,"FRECCIA AZZURRA CLUB",603068.15,0,0,607781.72,570289.36,1178071.08,"784-796 SPRINGVALE ROAD KEYSBOROUGH   VIC 3173","Club","V9510040","Metropolitan","30","35"
164,"FURLAN CLUB",667254.27,0,0,697663.14,600680.17,1298343.31,"1 MATISI STREET THORNBURY  VIC 3071","Club","V9210101","Metropolitan","40","52"
165,"GATEWAY HOTEL",3409144.02,0,0,3631010,3359290.69,6990300.69,"218 PRINCES HIGHWAY CORIO    VIC 3214","Hotel","V98095066","Country","50","60"
166,"GEELONG COMBINED LEAGUES CLUB",4538254.49,0,0,4647745.93,4632275.6,9280021.53,"54 FELLMONGERS ROAD BREAKWATER  VIC 3219","Club","V9310065","Country","105","105"
167,"GEELONG FOOTBALL CLUB",2020330.7,0,0,2166149.93,1994402.59,4160552.52,"LATROBE TERRACE, KARDINIA PARK GEELONG VIC 3220","Club","V00095315","Country","100","100"
168,"GEELONG RSL",1301256.23,0,0,1311362.4,1270153.55,2581515.95,"50 BARWON HEADS ROAD BELMONT VIC 3216","Club","V98095076","Country","42","42"
169,"GEORGE HOTEL",840442.07,0,0,1065079.95,883357.61,1948437.56,"27 LYDIARD STREET NORTH BALLARAT   VIC 3350","Hotel","V98095064","Country","28","42"
170,"GLADSTONE PARK HOTEL",9639291.94,0,0,9625195.67,8939643.71,18564839.38,"186-202 MICKLEHAM ROAD TULLAMARINE  VIC 3043","Hotel","V9210191","Metropolitan","86","86"
171,"GLENGALA HOTEL",4283281.5,0,0,4437756.1,4161956.97,8599713.07,"214 GLENGALA ROAD SUNSHINE   VIC 3020","Hotel","V98095066","Metropolitan","50","50"
172,"GLENROY RSL",1990529.26,0,0,2071605.25,1851563.13,3923168.38,"186 GLENROY ROAD GLENROY   VIC 3046","Club","V98095023","Metropolitan","40","40"
173,"GOLDEN FLEECE HOTEL (MELTON)",4246551.77,0,0,4167207,3606131.27,7773338.27,"257-263 HIGH STREET MELTON   VIC 3337","Hotel","V03095675","Metropolitan","45","45"
174,"GOLDEN FLEECE HOTEL (SOUTH MELBOURNE)",0,0,0,0,0,0,"120 MONTAGUE STREET SOUTH MELBOURNE 3205","Hotel","V09096318","Metropolitan","25","25"
175,"GOLDEN NUGGET",4102589.22,0,0,4071130.43,4110176.94,8181307.37,"117 LONSDALE STREET MELBOURNE   VIC 3000","Hotel","V05095892","Metropolitan","60","60"
176,"GOLF HOUSE HOTEL",682074.23,0,0,805373.25,691786.75,1497160,"920 DOVETON STREET NORTH BALLARAT   VIC 3350","Hotel","V12100005","Country","22","22"
177,"GORDON HOTEL",650076.44,0,0,545261.12,614904.54,1160165.66,"63 BENTINCK STREET PORTLAND   VIC 3305","Hotel","V09096280","Country","23","23"
178,"GOULBURN VALLEY HOTEL",2908082.64,0,0,2984146.91,3032086.53,6016233.44,"223 HIGH STREET SHEPPARTON    VIC 3630","Hotel","V05095916","Country","40","40"
179,"GRAND CENTRAL HOTEL (HAMILTON)",2287391.19,0,0,2213129.82,2045452.24,4258582.06,"141 GRAY STREET HAMILTON   VIC 3300","Hotel","V9310119","Country","40","40"
180,"GRAND HOTEL (FRANKSTON)",3007006.92,0,0,3055540.73,2991222.12,6046762.85,"499 NEPEAN HIGHWAY FRANKSTON   VIC 3199","Hotel","V05095893","Metropolitan","64","64"
181,"GRAND HOTEL (MORNINGTON)",5640152.32,0,0,5522759.46,5579454.18,11102213.64,"124 MAIN ROAD MORNINGTON 3931","Hotel","V9780016","Metropolitan","70","70"
182,"GRAND JUNCTION HOTEL",2742862.57,0,0,2727046.48,2322239.3,5049285.78,"8-22 FRANKLIN STREET TRARALGON   VIC 3844","Hotel","V9310058","Country","34","34"
183,"GRAND TERMINUS HOTEL",672433.59,0,0,740533.77,683317.04,1423850.81,"98 MACLEOD STREET BAIRNSDALE  VIC 3875","Hotel","V04095808","Country","24","24"
184,"GREAT WESTERN HOTEL",2319192.64,0,0,2483477.44,2079946.16,4563423.6,"177 ABERDEEN STREET NEWTOWN   VIC 3220","Hotel","V9610078","Country","36","36"
185,"GREEN GULLY SOCCER CLUB",2918220.16,0,0,3274967.61,2916693.14,6191660.75,"GREEN GULLY RESERVE , LOT 2 GREEN GULLY ROAD KEILOR DOWNS    VIC 3038","Club","V9410006","Metropolitan","70","70"
186,"GREENSBOROUGH HOTEL",1401206.36,0,0,1649860.08,1302965.25,2952825.33,"75 MAIN STREET GREENSBOROUGH    VIC 3088","Hotel","V9410018","Metropolitan","30","30"
187,"GREENSBOROUGH RSL",2348636.05,0,0,2476492.71,2528443.84,5004936.55,"111 MAIN STREET GREENSBOROUGH   VIC 3088","Club","V98095096","Metropolitan","78","78"
188,"GREYHOUNDS ENTERTAINMENT",6540636.91,0,0,6377194.6,5973973.44,12351168.04,"LIGHTWOOD ROAD SPRINGVALE   VIC 3171","Club","V9210187","Metropolitan","93","93"
189,"GROSVENOR HOTEL",297863.44,0,0,505029.06,364483.16,869512.22,"10 BRIGHTON ROAD ST KILDA   VIC 3182","Hotel","V07096011","Metropolitan","22","22"
190,"GROVEDALE HOTEL",5394702.08,0,0,5865479.99,5226246.64,11091726.63,"236-258 SURFCOAST HIGHWAY GROVEDALE 3216","Hotel","V05095885","Country","80","80"
191,"HALLAM TAVERNER",6479017.33,0,0,8405795.43,7171176.67,15576972.1,"241 PRINCES HWY HALLAM   VIC 3803","Hotel","V98095066","Metropolitan","80","92"
192,"HAMPTON BOWLS CLUB",549301.76,0,0,602366.32,526693.84,1129060.16,"CNR FEWSTER ROAD &amp; EARLSFIELD ROAD HAMPTON    VIC 3188","Club","V9310115","Metropolitan","30","30"
193,"HAMPTON PARK TAVERN",5920367.26,0,0,6307219.14,5635187.76,11942406.9,"71 HALLAM ROAD HAMPTON PARK   VIC 3976","Hotel","V9210202","Metropolitan","73","73"
194,"HAMPTON RSL",128370.14,0,0,149938.21,131554.5,281492.71,"25 HOLYROOD STREET HAMPTON   VIC 3188","Club","V9410014","Metropolitan","20","20"
195,"HARP OF ERIN HOTEL",3875365.72,0,0,3799989.11,3812402.39,7612391.5,"636 HIGH STREET KEW EAST 3102","Hotel","V9410017","Metropolitan","47","47"
196,"HASTINGS CRICKET &amp; FOOTBALL SOCIAL CLUB",1598059.19,0,0,1641722.54,1529864.56,3171587.1,"155 MARINE PARADE HASTINGS   VIC 3915","Club","V9310010","Metropolitan","50","50"
197,"HEALESVILLE RSL",1236859.02,0,0,1342525.2,1326317.98,2668843.18,"275-279 MAROONDAH HIGHWAY HEALESVILLE   VIC 3777","Club","V99095226","Metropolitan","50","50"
198,"HEIDELBERG RSL",147335.75,0,0,180590.74,172972.43,353563.17,"87 MOUNT STREET HEIDELBERG    VIC 3084","Club","V07096007","Metropolitan","25","25"
199,"HIGHETT RETURNED &amp; SERVICES CLUB",706049.07,0,0,814600.66,732240.19,1546840.85,"1 STATION STREET HIGHETT   VIC 3190","Club","V9210081","Metropolitan","41","41"
200,"HIGHLANDS HOTEL",471372.32,0,0,0,0,0,"301 GRAND BOULEVARD CRAIGIEBURN 3064","Hotel","V09096312","Metropolitan","60","60"
201,"HIGHPOINT TAVERNER",3576719.38,0,0,4489901.12,4005212.75,8495113.87,"HIGHPOINT SHOPPING CENTRE, 200 ROSAMOND ROAD MARIBYRNONG  VIC 3032","Hotel","V98095066","Metropolitan","52","70"
202,"HIGHWAYS SANDOWN",8958954.2,0,0,8757164.01,8216107.87,16973271.88,"591-659 PRINCES HWY SPRINGVALE   VIC 3171","Club","V9780041","Metropolitan","90","90"
203,"HILL TOP GOLF AND COUNTRY CLUB",218223.75,0,0,291037.39,263499.43,554536.82,"GOWRIE STREET TATURA   VIC 3616","Club","V9410108","Country","20","20"
204,"HOGANS HOTEL",1631117.15,0,0,1746341.7,1589622.93,3335964.63,"92 HIGH STREET WALLAN 3756","Hotel","V03095619","Country","34","39"
205,"HOPPERS CROSSING CLUB",3774820.18,0,0,3926908.91,3489856.22,7416765.13,"180 - 200 PANNAM DRIVE HOPPERS CROSSING 3029","Club","V9210166","Metropolitan","91","91"
206,"HOPPERS CROSSING SPORTS CLUB",1913361.94,0,0,2147600.89,1942233.14,4089834.03,"HOGANS RESERVE, HOGANS ROAD HOPPERS CROSSING 3029","Club","V9410037","Metropolitan","55","55"
207,"HORSHAM RSL",1133820.86,0,0,1071570.15,998119.62,2069689.77,"36 MCLACHLAN STREET HORSHAM    VIC 3400","Club","V9710074","Country","36","36"
208,"HORSHAM SPORTS &amp; COMMUNITY CLUB",2563571.51,0,0,2178455.45,2239180.17,4417635.62,"177-179 BAILLIE ST HORSHAM   VIC 3400","Club","V9310012","Country","78","78"
209,"HOTEL 520 ON SAYERS",1983123.24,0,0,0,0,0,"520 SAYERS  ROAD TARNEIT 3029","Hotel","V09096285","Metropolitan","65","65"
211,"ITALIAN AUSTRALIAN SPORTING AND SOCIAL CLUB OF GIPPSLAND",1481719.48,0,0,1508553.46,1235595.37,2744148.83,"499-501 PRINCES HIGHWAY MORWELL   VIC 3840","Club","V9780040","Country","42","42"
212,"ITALIAN SPORTS CLUB OF WERRIBEE",2830596.04,0,0,2975236.37,2845313.36,5820549.73,"601 HEATHS ROAD WERRIBEE    VIC 3030","Club","V9310110","Metropolitan","70","70"
213,"IVANHOE HOTEL",5085964.56,0,0,5792444.5,5198128.9,10990573.4,"120 UPPER HEIDELBERG ROAD IVANHOE   VIC 3079","Hotel","V9710043","Metropolitan","100","100"
214,"JOKERS ON RYRIE",2115463.05,0,0,2119119.6,1981810.56,4100930.16,"211 RYRIE STREET GEELONG   VIC 3220","Hotel","V07096058","Country","47","47"
215,"JUNCTION HOTEL",3257903.19,0,0,3375841.76,2891601.12,6267442.88,"1 PLENTY ROAD PRESTON   VIC 3072","Hotel","V08096198","Metropolitan","46","46"
216,"KANGAROO FLAT SPORTS CLUB",1155493.86,0,0,1283860.34,1186588.56,2470448.9,"DOWER PARK, MACKENZIE STREET WEST KANGAROO FLAT   VIC 3555","Club","V9410098","Country","60","60"
217,"KARINGAL BOWLING CLUB",1231452.47,0,0,1310741.93,1180634.15,2491376.08,"248 SKYE ROAD FRANKSTON    VIC 3199","Club","V9510027","Metropolitan","29","29"
218,"KEALBA HOTEL",9296329.93,0,0,9465266.58,8843745.81,18309012.39,"CNR SUNSHINE AVENUE &amp; MAIN ROAD EAST KEALBA 3021","Hotel","V9610012","Metropolitan","86","86"
219,"KEILOR EAST RSL",910099.6,0,0,1108209.74,930005.86,2038215.6,"12-22 HOFFMANS ROAD ESSENDON   VIC 3040","Club","V99095181","Metropolitan","25","25"
220,"KEILOR HOTEL",2897115.57,0,0,3003547.73,2856412.65,5859960.38,"670 OLD CALDER HIGHWAY KEILOR   VIC 3036","Hotel","V9310017","Metropolitan","50","50"
221,"KERANG SPORTS AND ENTERTAINMENT VENUE",681777.05,0,0,775671.65,780963.1,1556634.75,"25 VICTORIA STREET KERANG 3579","Club","V05095928","Country","45","45"
222,"KEYSBOROUGH HOTEL",8622326.01,0,0,9900345.4,9405773.01,19306118.41,"CNR CORRIGAN &amp; CHELTENHAM RDS KEYSBOROUGH 3173","Hotel","V98095066","Metropolitan","87","89"
223,"KILMORE TRACKSIDE",2321766.87,0,0,2310320.51,2337541.51,4647862.02,"EAST STREET KILMORE 3764","Club","V00095347","Country","76","76"
224,"KINGS CREEK HOTEL",1833175.79,0,0,1928082.75,1869017.04,3797099.79,"1989 FRANKSTON-FLINDERS ROAD HASTINGS   VIC 3915","Hotel","V9410144","Metropolitan","33","33"
225,"KIRKPATRICKS HOTEL",996647.85,0,0,1132543.8,1057480.08,2190023.88,"774 THE ESPLANADE MORNINGTON 3931","Hotel","V07096040","Metropolitan","40","40"
226,"KNOX CLUB",3632045.7,0,0,3991633.88,3800235.34,7791869.22,"CNR STUD &amp; BORONIA ROADS WANTIRNA   VIC 3152","Club","V9780056","Metropolitan","100","100"
228,"KNOX TAVERN",NA,NA,NA,NA,NA,NA,"1 CAPITAL CITY BOULEVARD, KNOX DISTRICT CENTRE WANTIRNA SOUTH   VIC 3152","Hotel","V02095454","Metropolitan","77","77"
229,"KOORINGAL GOLF CLUB",2003818.06,0,0,1991906.79,1859735.11,3851641.9,"WILGA AVENUE ALTONA   VIC 3018","Club","V9210182","Metropolitan","61","61"
230,"KORUMBURRA HOTEL",787341.83,0,0,764684.01,745553.82,1510237.83,"81 COMMERCIAL STREET KORUMBURRA 3950","Hotel","V10096326","Country","16","16"
231,"KYABRAM CLUB",1532413.12,0,0,1749458.77,1822226.54,3571685.31,"82 ALLAN STREET KYABRAM   VIC 3620","Club","V9310056","Country","53","53"
232,"KYNETON BOWLING CLUB",725979.17,0,0,817807.02,815979.8,1633786.82,"61-81 MOLLISON STREET KYNETON   VIC 3444","Club","V9510024","Country","25","25"
233,"KYNETON RSL",1177305.17,0,0,1338236.73,1203914.79,2542151.52,"37-39 MOLLISON STREET KYNETON   VIC 3444","Club","V98095056","Country","28","28"
234,"L'UNICO HOTEL",2627065.71,0,0,2690585.89,2460950.31,5151536.2,"319 CLAYTON ROAD CLAYTON   VIC 3168","Hotel","V08096103","Metropolitan","28","28"
235,"LAKES ENTRANCE BOWLS CLUB",2317611.86,0,0,2492390.88,2638850.06,5131240.94,"CNR BULMER &amp; ROWE STREETS LAKES ENTRANCE   VIC 3909","Club","V9410069","Country","63","63"
236,"LAKES ENTRANCE RSL",907117.88,0,0,967199.64,1066438.15,2033637.79,"221 THE ESPLANADE LAKES ENTRANCE 3909","Club","V98095051","Country","35","35"
237,"LAKESIDE CLUB",13363.91,0,0,0,0,0,"2 FOSTER STREET Sale 3850","Club","V9310124","Country","33","33"
238,"LALOR BOWLING CLUB",1318130.65,0,0,1514602.06,1186033.16,2700635.22,"CNR SYDNEY CRESCENT &amp; GORDON STREET LALOR   VIC 3075","Club","V9510088","Metropolitan","36","36"
239,"LANGWARRIN HOTEL",4088891.56,0,0,4815566.54,4245354.17,9060920.71,"CNR UNION &amp; CRANBOURNE ROADS LANGWARRIN   VIC 3910","Hotel","V99095229","Metropolitan","52","52"
240,"LARA HOTEL",1028226.85,0,0,822950.67,798272.61,1621223.28,"8 -12 HICKS STREET LARA    VIC 3212","Hotel","V98095150","Country","40","40"
241,"LARA SPORTING CLUB",854702.65,0,0,1082002.79,902797.94,1984800.73,"MILL ROAD LARA    VIC 3212","Club","V9510041","Country","50","50"
242,"LEIGHOAK",3591670.37,0,0,3876978.23,3287507.21,7164485.44,"CNR PRINCES HIGHWAY &amp;  ATKINSON STREET OAKLEIGH    VIC 3166","Club","V9410081","Metropolitan","92","92"
243,"LEONGATHA RSL",1380395.54,0,0,1315576.64,1327134.91,2642711.55,"CORNER SMITH STREET AND MICHAEL PLACE LEONGATHA 3953","Club","V9710008","Country","44","44"
244,"LEOPOLD SPORTSMANS CLUB",1380206.31,0,0,1320667.35,1279930.63,2600597.98,"135 KENSINGTON ROAD LEOPOLD    VIC 3224","Club","V9310061","Country","35","35"
245,"LINCOLNSHIRE ARMS HOTEL",2352696.73,0,0,2546425.44,2418515.25,4964940.69,"1 KEILOR ROAD ESSENDON   VIC 3040","Hotel","V9610065","Metropolitan","38","38"
246,"LOCH SPORT RSL",91133.02,0,0,139049.35,135613.09,274662.44,"CHARLES STREET RESERVE LOCH SPORT   VIC 3851","Club","V99095200","Country","10","10"
247,"LONDON TAVERN",3567840.63,0,0,3504579.43,3509382.87,7013962.3,"414 HAWTHORN ROAD CAULFIELD    VIC 3162","Hotel","V9410020","Metropolitan","50","50"
248,"LONG BEACH HOTEL",2901856.26,0,0,2993320.4,2822667.84,5815988.24,"380 NEPEAN HIGHWAY CHELSEA    VIC 3196","Hotel","V9610012","Metropolitan","49","49"
249,"LORD OF THE ISLES TAVERN",3065660.03,0,0,3290454.51,2981106.27,6271560.78,"3 WEST FYANS STREET NEWTOWN 3220","Hotel","V9780039","Country","60","60"
250,"LORNE HOTEL",257144.09,0,0,349474.13,400781.34,750255.47,"176 MOUNTJOY PARADE LORNE    VIC 3232","Hotel","V09096293","Country","18","22"
251,"LOWER PLENTY HOTEL",5124977.66,0,0,5489424.57,5166668.79,10656093.36,"2-8 MAIN ROAD LOWER PLENTY   VIC 3093","Hotel","V9780029","Metropolitan","85","85"
252,"LYNBROOK HOTEL",3649579.6,0,0,2529066.82,2976538.36,5505605.18,"550 SOUTH GIPPSLAND HIGHWAY LYNBROOK 3975","Hotel","V06095943","Metropolitan","55","55"
253,"LYNDHURST CLUB HOTEL",1434257.72,0,0,1808395.25,1801075.5,3609470.75,"513 LYGON STREET EAST BRUNSWICK   VIC 3057","Hotel","V98095066","Metropolitan","30","48"
254,"MAC'S HOTEL (MELTON)",5837196.05,0,0,6372618.77,5822659.53,12195278.3,"322-332 HIGH STREET MELTON   VIC 3337","Hotel","V98095066","Metropolitan","82","82"
255,"MAC'S HOTEL (WARRNAMBOOL)",1709634.93,0,0,1902861.82,1988232.18,3891094,"199 FAIRY STREET WARRNAMBOOL    VIC 3280","Hotel","V9410168","Country","31","31"
256,"MAFFRA COMMUNITY SPORTS CLUB",1430725.95,0,0,1483724.39,1491122.39,2974846.78,"122 JOHNSON STREET MAFFRA   VIC 3860","Club","V9610020","Country","35","35"
257,"MAGPIE AND STUMP HOTEL",487419.36,0,0,581513.04,445584.39,1027097.43,"EPPING KILMORE ROAD WANDONG    VIC 3758","Hotel","V08096219","Country","24","24"
258,"MAIL EXCHANGE HOTEL",2658520.04,0,0,2409404.69,2435399.9,4844804.59,"688 BOURKE STREET MELBOURNE 3000","Hotel","V9610073","Metropolitan","80","80"
259,"MALVERN VALE CLUB HOTEL",1778906.8,0,0,2076282.98,2077802.8,4154085.78,"1321 MALVERN ROAD MALVERN   VIC 3144","Hotel","V9610067","Metropolitan","30","30"
260,"MANHATTAN HOTEL",4901069.04,0,0,5741844.59,5229735.88,10971580.47,"CNR CANTERBURY &amp; HEATHERDALE ROADS RINGWOOD   VIC 3134","Hotel","V98095066","Metropolitan","70","103"
261,"MANNINGHAM CLUB",2883688.73,0,0,3134115.19,2905129.19,6039244.38,"1 THOMPSONS ROAD BULLEEN    VIC 3105","Club","V00095320","Metropolitan","90","100"
262,"MANSFIELD GOLF CLUB",858253.66,0,0,729934.33,739078.81,1469013.14,"KIDSTON PARADE MANSFIELD   VIC 3722","Club","V9410038","Country","40","40"
263,"MARINE HOTEL",1981350.45,0,0,2169746,1985724.34,4155470.34,"215 NEW STREET BRIGHTON   VIC 3186","Hotel","V05095881","Metropolitan","50","50"
264,"MAROONDAH SPORTS CLUB",1522293.93,0,0,1604010.1,1549763.23,3153773.33,"CNR MT DANDENONG ROAD AND DUBLIN ROAD RINGWOOD EAST    VIC 3135","Club","V9210180","Metropolitan","56","56"
265,"MARYBOROUGH GOLF CLUB",1345181.92,0,0,1312370.26,1273164.18,2585534.44,"125  PARK ROAD MARYBOROUGH    VIC 3465","Club","V9310084","Country","40","40"
266,"MARYBOROUGH HIGHLAND SOCIETY",2399409.64,0,0,2811503.36,2534309.39,5345812.75,"35 HIGH STREET MARYBOROUGH   VIC 3465","Club","V9410089","Country","56","56"
267,"MATTHEW FLINDERS TAVERNER",6236315.87,0,0,6820505.13,6733308.91,13553814.04,"655 - 667 WARRIGAL ROAD CHADSTONE   VIC 3148","Hotel","V98095066","Metropolitan","75","75"
268,"MCCARTINS HOTEL",823589.85,0,0,741688.39,767133.43,1508821.82,"2 BAIR STREET LEONGATHA   VIC 3953","Hotel","V03095689","Country","20","20"
269,"MCKINNON HOTEL",743388.67,0,0,758811.43,658811.96,1417623.39,"251 MCKINNON ROAD MCKINNON    VIC 3204","Hotel","V07096052","Metropolitan","19","19"
270,"MEADOW INN HOTEL",5580018.82,0,0,6190102.12,5742633.14,11932735.26,"1435 SYDNEY ROAD FAWKNER 3060","Hotel","V98095066","Metropolitan","70","73"
271,"MELTON COUNTRY CLUB",2965091.85,0,0,3167554.2,3043282.49,6210836.69,"MELTON RECREATION RESERVE, RESERVE ROAD MELTON    VIC 3337","Club","V04095766","Metropolitan","90","90"
272,"MENTONE RSL",347277.79,0,0,378688.74,349958.83,728647.57,"9 PALERMO STREET MENTONE   VIC 3194","Club","V99095261","Metropolitan","25","25"
273,"MERBEIN CITIZENS CLUB",519983.75,0,0,507934.85,513883.25,1021818.1,"108 COMMERCIAL STREET MERBEIN VIC 3505","Club","V05095890","Country","20","20"
274,"MERCURE GRAND HOTEL ON SWANSTON",7311784.86,0,0,7447222.11,6491165.06,13938387.17,"195 SWANSTON STREET MELBOURNE   VIC 3000","Hotel","V9210215","Metropolitan","90","90"
275,"MIDLANDS GOLF CLUB",540207.16,0,0,611066.95,579147.02,1190213.97,"330 HEINZ LANE BALLARAT 3350","Club","V9780019","Country","32","32"
276,"MILANO'S HOTEL",2608491.84,0,0,3027838.5,2730292.96,5758131.46,"4 THE ESPLANADE BRIGHTON   VIC 3186","Hotel","V98095066","Metropolitan","48","60"
277,"MILDURA GATEWAY TAVERN",5355797.83,0,0,5378737.68,5226786.82,10605524.5,"CNR 15TH STREET &amp; SANMATEO AVENUE MILDURA   VIC 3500","Hotel","V9210022","Country","75","75"
278,"MILDURA GOLF CLUB",225627,0,0,274885.44,274472,549357.44,"TWELFTH STREET MILDURA 3500","Club","V98095159","Country","20","20"
279,"MILDURA GRAND HOTEL",733092.74,0,0,723496.82,685743.8,1409240.62,"SEVENTH STREET MILDURA   VIC 3500","Hotel","V04095761","Country","19","19"
280,"MILDURA RSL",1697834.54,0,0,1584655.72,1581469.36,3166125.08,"130 MADDEN AVENUE MILDURA   VIC 3500","Club","V9710039","Country","45","45"
281,"MILDURA WORKING MANS SPORTS &amp; SOCIAL CLUB",3107522.53,0,0,3098590.16,2933354.6,6031944.76,"90-124 DEAKIN AVENUE MILDURA   VIC 3500","Club","V9780009","Country","67","67"
282,"MILLERS INN HOTEL",7750659.09,0,0,7470888.05,7077465.04,14548353.09,"204 MILLERS ROAD ALTONA NORTH   VIC 3025","Hotel","V9210069","Metropolitan","70","70"
283,"MITCHAM HOTEL",3528996.82,0,0,4345832.27,3635002.41,7980834.68,"556 MAROONDAH HIGHWAY MITCHAM    VIC 3132","Hotel","V98095066","Metropolitan","57","100"
284,"MITCHAM RSL",326204.8,0,0,374100.58,322155.76,696256.34,"26 MCDOWALL STREET MITCHAM   VIC 3132","Club","V99095265","Metropolitan","25","25"
285,"MITCHELL RIVER TAVERN",726260.46,0,0,1016826.33,973294.48,1990120.81,"59-61 MAIN STREET BAIRNSDALE   VIC 3875","Hotel","V9410115","Country","16","20"
286,"MOE HOTEL",810221.45,0,0,903512.64,805359.26,1708871.9,"45 LLOYD STREET MOE   VIC 3825","Hotel","V9410018","Country","22","27"
287,"MOE RACING CLUB",4088557.96,0,0,3849658.26,3712720.72,7562378.98,"WATERLOO ROAD MOE    VIC 3825","Club","V9310112","Country","75","75"
288,"MOE RSL CLUB",1378350.33,0,0,1404775.14,1318197.37,2722972.51,"63 ALBERT STREET MOE    VIC 3825","Club","V00095292","Country","45","45"
289,"MONASH HOTEL",3089954.17,0,0,3760581.89,3331915.64,7092497.53,"2071 - 2091 DANDENONG ROAD CLAYTON 3168","Hotel","V98095066","Metropolitan","45","50"
290,"MONBULK BOWLING CLUB",816708.23,0,0,896513.48,806746.35,1703259.83,"11 MOORES ROAD MONBULK    VIC 3793","Club","V9510001","Metropolitan","30","30"
291,"MONTMORENCY RSL",724757.32,0,0,830824.08,714947.96,1545772.04,"PETRIE PARK, 16 MOUNTAIN VIEW ROAD MONTMORENCY   VIC 3094","Club","V00095363","Metropolitan","35","35"
292,"MOONEE VALLEY RACING CLUB",2920332.47,0,0,3012126.35,2837579.33,5849705.68,"CORNER WILSON &amp; THOMAS STREET MOONEE PONDS   VIC 3039","Club","V9780055","Metropolitan","105","105"
293,"MOOROOPNA GOLF CLUB",1632459.45,0,0,1712444.25,1689120.65,3401564.9,"2 FAIRWAY DRIVE MOOROOPNA    VIC 3629","Club","V9310076","Country","40","44"
294,"MORDIALLOC SPORTING CLUB",3216804.4,0,0,3038632.78,3045506.54,6084139.32,"528 MAIN STREET MORDIALLOC    VIC 3195","Club","V9410056","Metropolitan","82","82"
295,"MORELAND HOTEL",4970246.36,0,0,5425661.48,5317522.58,10743184.06,"882-888 SYDNEY ROAD BRUNSWICK 3056","Hotel","V98095066","Metropolitan","70","70"
296,"MORNINGTON ON TANTI HOTEL",918465.73,0,0,1087652.01,1029921.14,2117573.15,"917 NEPEAN HIGHWAY MORNINGTON    VIC 3931","Hotel","V12100011","Metropolitan","23","23"
297,"MORWELL BOWLING CLUB",2920579.62,0,0,3023228.76,2730333.51,5753562.27,"52 HAZELWOOD ROAD MORWELL   VIC 3840","Club","V9410090","Country","69","69"
298,"MORWELL CLUB",932946.59,0,0,920561.66,862999.14,1783560.8,"136 HELEN STREET MORWELL   VIC 3840","Club","V9780053","Country","35","35"
299,"MORWELL HOTEL",1025912.52,0,0,1776943.52,1470317.75,3247261.27,"CORNER VINCENT STREET &amp; PRINCES HIGHWAY MORWELL 3840","Hotel","V98095066","Country","15","30"
300,"MORWELL RSL",1725283,0,0,1695528.38,1556060.62,3251589,"52 ELGIN STREET MORWELL   VIC 3840","Club","V99095236","Country","46","46"
301,"MOTOR CLUB HOTEL",6380880.42,0,0,6320777.03,5962546.78,12283323.81,"38-56 HIGH STREET CRANBOURNE   VIC 3977","Hotel","V9210148","Metropolitan","70","70"
302,"MOUNT BEAUTY COUNTRY CLUB",242704.62,0,0,288186.37,281445.05,569631.42,"1 LAKESIDE AVENUE MT BEAUTY   VIC 3699","Club","V9210176","Country","19","19"
303,"MOUNTAIN VIEW HOTEL",4794042.6,0,0,5942093.95,4943021.03,10885114.98,"186 SPRINGVALE ROAD GLEN WAVERLEY   VIC 3150","Hotel","V98095066","Metropolitan","65","75"
304,"MULGRAVE COUNTRY CLUB",5743425.13,0,0,5340138.11,4799511.58,10139649.69,"CNR JELLS AND WELLINGTON RD WHEELERS HILL   VIC 3150","Club","V9210171","Metropolitan","105","105"
305,"MYRTLEFORD SAVOY SPORTING CLUB",505497.3,0,0,561319.11,571439.67,1132758.78,"252-254 MYRTLE STREET MYRTLEFORD     VIC 3737","Club","V9310068","Country","26","26"
306,"NAGAMBIE LAKES ENTERTAINMENT CENTRE",615183.42,0,0,724452.08,669961.26,1394413.34,"HIGH STREET NAGAMBIE 3608","Club","V9780049","Country","32","32"
307,"New Bay Hotel",392411.46,0,0,596322.44,515994.42,1112316.86,"329 New Street Brighton 3186","Hotel","V09096279","Metropolitan","50","50"
308,"NEWMARKET TAVERN",4986213.06,0,0,5002141.14,4536806.54,9538947.68,"386 RACECOURSE ROAD NEWMARKET    VIC 3031","Hotel","V9610006","Metropolitan","68","68"
309,"NOBLE PARK FOOTBALL SOCIAL CLUB",2119673.61,0,0,2126746.26,1918333.53,4045079.79,"46 MOODEMERE STREET NOBLE PARK   VIC 3174","Club","V9310131","Metropolitan","50","50"
310,"NOBLE PARK RSL",1455384.78,0,0,1505371.88,1458447.32,2963819.2,"1128 HEATHERTON ROAD NOBLE PARK   VIC 3174","Club","V98095097","Metropolitan","30","30"
311,"NORLANE HOTEL",4378148.64,0,0,6093119.49,4919478.55,11012598.04,"2-6 PRINCES HIGHWAY NORLANE   VIC 3214","Hotel","V9780045","Country","84","84"
312,"NORTH BALLARAT SPORTS CLUB",3013747.8,0,0,3100610.64,3052626.88,6153237.52,"BALLARAT SHOWGROUNDS RESERVE, CRESWICK ROAD BALLARAT   VIC 3350","Club","V9780018","Country","70","70"
313,"NORTHCOTE PARK FOOTBALL CLUB",1962378.96,0,0,2025988.46,1900951.54,3926940,"71 SYDNEY ROAD BRUNSWICK   VIC 3056","Club","V9210224","Metropolitan","85","85"
314,"NORTHCOTE RSL",224823.39,0,0,1067562.79,1010953.39,2078516.18,"496 HIGH STREET NORTHCOTE   VIC 3070","Club","V99095218","Metropolitan","0","56"
315,"NUMURKAH GOLF &amp; BOWLS CLUB",874808.76,0,0,984179.53,786321.56,1770501.09,"TUNNOCK ROAD NUMURKAH   VIC 3636","Club","V9610077","Country","60","60"
316,"OAKLEIGH JUNCTION HOTEL",2778963.27,0,0,3000632.35,2675895.44,5676527.79,"1 PORTMAN STREET OAKLEIGH VIC 3166","Hotel","V98095066","Metropolitan","45","46"
317,"OASIS OZ HOTEL",0,0,0,0,0,0,"177-197 DRYBURGH STREET NORTH MELBOURNE 3051","Hotel","V09096272","Metropolitan","0","22"
318,"OCEAN GROVE BOWLING CLUB",1801879.12,0,0,1960452.62,1947878.34,3908330.96,"18 THE TERRACE OCEAN GROVE   VIC 3226","Club","V9210177","Country","60","60"
319,"OLD ENGLAND HOTEL",5619226.72,0,0,5544155.11,5088071.28,10632226.39,"459 LOWER HEIDELBERG ROAD HEIDELBERG 3084","Hotel","V9610063","Metropolitan","93","105"
320,"OLINDA CREEK HOTEL",2102348.32,0,0,2715297.23,2521461.14,5236758.37,"161 MAIN STREET LILYDALE    VIC 3140","Hotel","V98095066","Metropolitan","45","60"
321,"OLIVE TREE HOTEL",3184325.44,0,0,3191382.32,2898824.25,6090206.57,"111 EVANS STREET SUNBURY   VIC 3429","Hotel","V02095436","Metropolitan","43","43"
322,"OLYMPIC HOTEL",4611029.54,0,0,5400743.87,5050922.75,10451666.62,"31 ALBERT STREET PRESTON   VIC 3072","Hotel","V9510031","Metropolitan","80","80"
323,"OUYEN CLUB",129509.87,0,0,119352.37,126609.28,245961.65,"9 PICKERING STREET OUYEN 3490","Club","V99095188","Country","5","5"
324,"PAKENHAM HOTEL",1675416.14,0,0,1847648.06,1829873.56,3677521.62,"226 PRINCES HIGHWAY PAKENHAM   VIC 3810","Hotel","V02095454","Metropolitan","50","50"
326,"PAKENHAM SPORTS CLUB",728064.03,0,0,731900.16,713850.76,1445750.92,"HENRY STREET PAKENHAM    VIC 3810","Club","V9510034","Metropolitan","38","38"
327,"PALACE HOTEL",2106095.59,0,0,2399658.87,2205079,4604737.87,"893 BURKE ROAD CAMBERWELL 3124","Hotel","V98095066","Metropolitan","40","48"
328,"PARKVIEW HOTEL",1201222.25,0,0,1172035.19,1127312.99,2299348.18,"131 SCOTCHMER STREET FITZROY NORTH 3068","Hotel","V12100013","Metropolitan","30","30"
329,"PASCOE VALE RSL",1457201.1,0,0,1471214.99,1344477.73,2815692.72,"40 CUMBERLAND ROAD PASCOE VALE   VIC 3044","Club","V99095187","Metropolitan","47","47"
330,"PASCOE VALE TAVERNER HOTEL",2805151.72,0,0,3117656.34,2845786.71,5963443.05,"12 RAILWAY PARADE PASCOE VALE   VIC 3044","Hotel","V98095066","Metropolitan","42","42"
331,"PENINSULA CLUB",543747.52,0,0,599176.35,603283.75,1202460.1,"1-3 NOEL STREET DROMANA    VIC 3936","Club","V9710073","Metropolitan","20","20"
332,"PENINSULA HOTEL MOTEL",2991030.49,0,0,3420675.74,3133737.12,6554412.86,"QUEENSCLIFF ROAD NEWCOMB    VIC 3219","Hotel","V9310026","Country","55","55"
333,"PEPPERMILL HOTEL",NA,NA,NA,NA,NA,NA,"7900 GOULBURN VALLEY HIGHWAY KIALLA 3631","Hotel","V09096306","Country","20","20"
335,"PHILLIP ISLAND RSL",2579953.51,0,0,2947347.93,3073419.11,6020767.04,"225-243 THOMPSON AVENUE COWES     VIC 3922","Club","V9710079","Country","58","58"
336,"PHOENIX HOTEL",1794240.88,0,0,1819147.91,1747074.02,3566221.93,"59 MOORABOOL STREET GEELONG    VIC 3220","Hotel","V04095725","Country","28","28"
337,"PIER HOTEL",3249364.55,0,0,4330733.62,3637810.37,7968543.99,"508 NEPEAN HIGHWAY FRANKSTON 3199","Hotel","V98095066","Metropolitan","60","97"
338,"PINSENT HOTEL",1970461.4,0,0,2087299.89,1907923.54,3995223.43,"20 REID STREET WANGARATTA   VIC 3677","Hotel","V9780007","Country","44","44"
339,"PLAYERS HOTEL",1858830.41,0,0,2063163.91,1852049.2,3915213.11,"1-5 SCOTT STREET DANDENONG   VIC 3175","Hotel","V98095066","Metropolitan","25","25"
340,"PLAYERS ON LYGON",3396086.7,0,0,2995708.48,3164479,6160187.48,"186-200 LYGON STREET CARLTON    VIC 3053","Hotel","V04095816","Metropolitan","67","75"
341,"PLOUGH HOTEL",10037128.26,0,0,10844761.23,9999714,20844475.23,"CHILDS ROAD MILL PARK   VIC 3082","Hotel","V98095066","Metropolitan","85","100"
342,"POLISH COMMUNITY ASSOC IN GEELONG",840159.12,0,0,1004011.47,867751.51,1871762.98,"46-48 FELLMONGERS ROAD BREAKWATER  VIC 3219","Club","V9410053","Country","35","35"
343,"PORTARLINGTON GOLF CLUB",1669724.33,0,0,1962797.05,2129305.39,4092102.44,"130 HOOD ROAD PORTARLINGTON   VIC 3223","Club","V9410103","Country","55","55"
344,"PORTLAND FOOTBALL NETBALL CRICKET CLUB",1023906.7,0,0,1045832.22,1187752.95,2233585.17,"HANLON PARK, HENTY STREET PORTLAND    VIC 3305","Club","V9410200","Country","25","25"
345,"PORTLAND RSL MEMORIAL BOWLING CLUB",637365,0,0,473667.99,478269.39,951937.38,"33 CAPE NELSON ROAD PORTLAND   VIC 3305","Club","V9210232","Country","40","40"
346,"POWELL HOTEL",2359625.17,0,0,2182991.15,2384262.21,4567253.36,"202 BALLARAT ROAD FOOTSCRAY   VIC 3011","Hotel","V98095066","Metropolitan","30","30"
347,"PRAHRAN FOOTBALL SOCIAL CLUB",1894631.3,0,0,1937445.16,1730930.5,3668375.66,"1ST FLOOR, 328-338 CHAPEL STREET PRAHRAN   VIC 3181","Club","V9410156","Metropolitan","81","81"
348,"PRESTON HOTEL",2139576.72,0,0,2220693.59,2076127.44,4296821.03,"635 HIGH STREET PRESTON    VIC 3072","Hotel","V98095066","Metropolitan","40","41"
349,"PRINCE MARK HOTEL",6743438.97,0,0,7794525.8,7305518.63,15100044.43,"CORNER POWER ROAD &amp; PRINCES HIGHWAY DOVETON   VIC 3177","Hotel","V98095066","Metropolitan","79","88"
350,"PUNTERS PALACE",776285.92,0,0,976447.56,740641.66,1717089.22,"314 SMITH STREET COLLINGWOOD   VIC 3066","Hotel","V9510018","Metropolitan","20","20"
351,"QUEENSCLIFF BOWLING TENNIS AND CROQUET CLUB",571154.1,0,0,624770.45,696062.97,1320833.42,"118 HESSE STREET QUEENSCLIFF   VIC 3225","Club","V9410086","Country","30","30"
352,"RACECOURSE HOTEL (MALVERN EAST)",785134.91,0,0,868322.33,755145.39,1623467.72,"895 DANDENONG ROAD MALVERN EAST 3145","Hotel","V09096318","Metropolitan","40","40"
353,"RACECOURSE HOTEL (WERRIBEE)",2542049.34,0,0,3307737.17,2751510.19,6059247.36,"78 COTTRELL STREET WERRIBEE   VIC 3030","Hotel","V9780045","Metropolitan","52","52"
354,"RAFFERTY'S TAVERN",NA,NA,NA,NA,NA,NA,"CORNER WALSH ROAD AND PRINCES HIGHWAY WARRNAMBOOL 3280","Hotel","V09096307","Country","19","19"
355,"RAILWAY CLUB HOTEL",1555225.85,0,0,1552836.77,1536835.16,3089671.93,"28 STATION STREET SEYMOUR   VIC 3660","Hotel","V12100012","Country","33","33"
356,"RED CLIFFS CLUB",1046067.46,0,0,1147555.87,1077748.38,2225304.25,"11 HEYTESBURY AVENUE RED CLIFFS   VIC 3496","Club","V9780002","Country","34","34"
357,"RED LION HOTEL",2222677.51,0,0,2125818.56,1907822.08,4033640.64,"217-221 MAIN ROAD BALLARAT   VIC 3350","Hotel","V9780031","Country","54","54"
358,"REGGIO CALABRIA CLUB",418492.59,0,0,568988.41,421745.38,990733.79,"476 BRUNSWICK ROAD WEST BRUNSWICK 3055","Club","V9410002","Metropolitan","34","34"
360,"RESERVOIR RSL",2402692.84,0,0,2478296.41,2285683.95,4763980.36,"251 SPRING STREET RESERVOIR 3073","Club","V9810087","Metropolitan","68","68"
362,"RIFLE CLUB HOTEL",1510766.1,0,0,2077911.1,1926408.83,4004319.93,"121 VICTORIA STREET WILLIAMSTOWN   VIC 3016","Hotel","V98095066","Metropolitan","40","59"
363,"RINGWOOD RSL",1765157.92,0,0,1878372.67,1791666.08,3670038.75,"16 STATION STREET RINGWOOD   VIC 3134","Club","V98095015","Metropolitan","70","70"
364,"RISING SUN HOTEL",1724389.67,0,0,1811375.61,1828199.38,3639574.99,"84 BARNARD STREET BENDIGO   VIC 3550","Hotel","V9210118","Country","35","35"
365,"RIVERSDALE HOTEL",2012847.98,0,0,1916473.2,1818136.7,3734609.9,"277 AUBURN ROAD HAWTHORN   VIC 3122","Hotel","V05095881","Metropolitan","42","42"
366,"RIVIERA HOTEL",2113722.76,0,0,2442279.98,2140315.7,4582595.68,"30 NEPEAN HIGHWAY SEAFORD   VIC 3198","Hotel","V98095125","Metropolitan","45","45"
367,"ROBIN HOOD HOTEL",429522.89,0,0,0,0,0,"33 PEEL STREET NORTH BALLARAT 3350","Hotel","V10096324","Country","20","20"
368,"ROBINVALE GOLF CLUB",1195852.85,0,0,1006611.85,1323348.49,2329960.34,"4240 MURRAY VALLEY HIGHWAY ROBINVALE    VIC 3549","Club","V9410197","Country","50","50"
369,"ROSE SHAMROCK HOTEL",2795127.28,0,0,3467360.35,3249422.1,6716782.45,"709 PLENTY ROAD EAST RESERVOIR   VIC 3073","Hotel","V98095066","Metropolitan","45","60"
370,"ROSEBUD COUNTRY CLUB",738037.78,0,0,774622.15,819112.69,1593734.84,"BONEO ROAD ROSEBUD   VIC 3939","Club","V9410036","Metropolitan","48","48"
371,"ROSEBUD HOTEL",5587374.52,0,0,5912950.27,5859850.9,11772801.17,"1099 NEPEAN HIGHWAY ROSEBUD   VIC 3939","Hotel","V03095677","Metropolitan","70","70"
372,"ROSEBUD RSL",2398126.04,0,0,2672692.46,2693523.46,5366215.92,"117 EASTBOURNE ROAD ROSEBUD   VIC 3939","Club","V9710042","Metropolitan","75","75"
373,"ROSSTOWN HOTEL",7775482.68,0,0,7071768.28,7056291.69,14128059.97,"1084 DANDENONG ROAD CARNEGIE   VIC 3163","Hotel","V07096032","Metropolitan","103","103"
374,"ROXBURGH PARK HOTEL",7347026,0,0,7757914.37,6996774.95,14754689.32,"CNR SOMERTON &amp; PASCOE VALE RDS ROXBURGH PARK 3064","Hotel","V00095312","Metropolitan","71","71"
375,"ROYAL EXCHANGE HOTEL",1687697.62,0,0,2577731.66,2409478.45,4987210.11,"64 PRINCES HIGHWAY TRARALGON   VIC 3844","Hotel","V98095066","Country","20","35"
376,"ROYAL HOTEL (BENALLA)",893030.83,0,0,853571.83,766622.42,1620194.25,"2 BRIDGE STREET BENALLA    VIC 3672","Hotel","V02095487","Country","30","30"
377,"ROYAL HOTEL (DAYLESFORD)",689272.28,0,0,656381.5,617971.3,1274352.8,"27 VINCENT STREET DAYLESFORD    VIC 3460","Hotel","V05095870","Country","18","18"
378,"ROYAL HOTEL (ESSENDON)",4074100.19,0,0,4763100.8,4309525.48,9072626.28,"873 MT ALEXANDER ROAD ESSENDON   VIC 3040","Hotel","V98095066","Metropolitan","60","70"
380,"ROYAL HOTEL (SUNBURY)",2709477.24,0,0,2820969.21,2768639.39,5589608.6,"63 EVANS STREET SUNBURY   VIC 3429","Hotel","V98095066","Metropolitan","31","31"
381,"ROYAL OAK HOTEL",4460670.87,0,0,4832984.14,4524292.95,9357277.09,"1375 NEPEAN HIGHWAY CHELTENHAM   VIC 3192","Hotel","V00095313","Metropolitan","76","76"
382,"ROYAL OAK RICHMOND",2188718.39,0,0,2511677.46,2221792.78,4733470.24,"527 BRIDGE ROAD RICHMOND   VIC 3121","Club","V00095320","Metropolitan","80","80"
384,"RUBICON HOTEL",NA,NA,NA,NA,NA,NA,"1362 TAGGERTY ROAD THORNTON   VIC 3712","Hotel","V12100015","Country","16","16"
385,"RYE HOTEL",1731067.33,0,0,1910179.83,1905585.93,3815765.76,"2415 POINT NEPEAN ROAD RYE   VIC 3941","Hotel","V9210149","Metropolitan","30","30"
386,"RYE RSL CLUB",2453179.88,0,0,2736805.21,3107000.78,5843805.99,"5-11 NELSON STREET RYE     VIC 3941","Club","V9780011","Metropolitan","80","100"
388,"SALE &amp; DISTRICT GREYHOUND RACING CLUB",3035702.2,0,0,2961838.24,2941550.82,5903389.06,"SALE-MAFFRA ROAD SALE   VIC 3850","Club","V9310016","Country","70","70"
389,"SANCTUARY LAKES HOTEL",360093.13,0,0,0,0,0,"280-286 POINT COOK ROAD POINT COOK 3030","Hotel","V09096299","Metropolitan","70","70"
390,"SANDBELT CLUB HOTEL",6651868.16,0,0,8259703.2,7553261.07,15812964.27,"630-646 SOUTH ROAD MOORABBIN   VIC 3189","Hotel","V98095066","Metropolitan","79","100"
391,"SANDOWN PARK HOTEL",5610072.35,0,0,6596215.57,5881971.34,12478186.91,"CNR PRINCES HIGHWAY &amp; CORRIGAN ROAD NOBLE PARK   VIC 3174","Hotel","V98095066","Metropolitan","70","90"
392,"SANDRINGHAM HOTEL",2430612.05,0,0,2551737.82,2426475.45,4978213.27,"118 BEACH ROAD SANDRINGHAM   VIC 3191","Hotel","V98095066","Metropolitan","40","45"
393,"SANDS TAVERNER",4770461.67,0,0,5441735.99,4902564.74,10344300.73,"71 HALL ROAD CARRUM DOWNS   VIC 3201","Hotel","V98095066","Metropolitan","65","65"
394,"SEAFORD RSL",784479.45,0,0,809542.98,794296.17,1603839.15,"17 STATION STREET SEAFORD 3198","Club","V98095144","Metropolitan","25","25"
395,"SEAFORD TAVERNER",8268171.36,0,0,9624747.98,8875369.31,18500117.29,"CNR SEAFORD &amp; FRANKSTON  DANDENONG ROADS SEAFORD   VIC 3198","Hotel","V98095066","Metropolitan","85","105"
396,"SEAGULLS NEST",3437815.52,0,0,3235248.33,3404211.28,6639459.61,"1 MASON STREET NEWPORT 3015","Club","V9710012","Metropolitan","66","61"
397,"SEBASTOPOL BOWLING CLUB",2184531.2,0,0,2388128.32,2275995.67,4664123.99,"213-219 ALBERT STREET SEBASTOPOL   VIC 3356","Club","V9510016","Country","50","50"
398,"SEYMOUR CLUB",1770035.73,0,0,1858476.92,1774490.88,3632967.8,"CNR ELIZABETH &amp; TALLAROOK STREETS SEYMOUR      VIC 3660","Club","V9410152","Country","50","50"
399,"SHAMROCK HOTEL",2158150.03,0,0,1986399.47,2008143.23,3994542.7,"CORNER OF PALL MALL &amp; WILLIAMSON STREET BENDIGO    VIC 3550","Hotel","V07096005","Country","45","45"
400,"SHANGHAI CLUB",1240316.29,0,0,1300398.55,1156369.91,2456768.46,"242-244 LITTLE BOURKE STREET MELBOURNE   VIC 3000","Hotel","V9210107","Metropolitan","48","48"
401,"SHELL CLUB",2636397.65,0,0,2863401.75,2424397.44,5287799.19,"76 PURNELL ROAD CORIO   VIC 3214","Club","V9210201","Country","70","80"
402,"SHEPPARTON CLUB",1913568.17,0,0,2208246.09,2173191.95,4381438.04,"455 WYNDHAM STREET SHEPPARTON 3630","Club","V9210175","Country","46","61"
403,"SHEPPARTON RSL",2722795.23,0,0,2690678.54,2673623.9,5364302.44,"88 WYNDHAM STREET SHEPPARTON   VIC 3630","Club","V9810083","Country","80","80"
404,"SHERBOURNE TERRACE",2615912.09,0,0,2671704.18,2692555.4,5364259.58,"109 WYNDHAM STREET SHEPPARTON   VIC 3630","Hotel","V9310036","Country","43","43"
405,"SHOPPINGTOWN HOTEL",7273847.8,0,0,7980306.49,7887944.08,15868250.57,"13-19 WILLIAMSONS ROAD DONCASTER   VIC 3108","Hotel","V98095066","Metropolitan","79","100"
406,"SIR HENRY BARKLY HOTEL",4103178.74,0,0,4037550.19,3753076.98,7790627.17,"92 BURGUNDY STREET HEIDELBERG   VIC 3084","Hotel","V9210049","Metropolitan","65","65"
407,"SKYWAYS TAVERNER",8850272.89,0,0,9489667.47,8749041.22,18238708.69,"113 MATHEWS AVENUE AIRPORT WEST   VIC 3042","Hotel","V98095066","Metropolitan","90","100"
408,"SOMERVILLE HOTEL",2927137.43,0,0,3262280.61,3010095.01,6272375.62,"84 STATION STREET SOMERVILLE    VIC 3912","Hotel","V98095066","Metropolitan","39","39"
409,"SOUTH OAKLEIGH CLUB",602543.11,0,0,679254.84,645789.66,1325044.5,"1 VICTOR ROAD BENTLEIGH EAST 3165","Club","V9210142","Metropolitan","40","42"
410,"SPHINX ENTERTAINMENT CENTRE",4547347.2,0,0,4943910.42,4466331.28,9410241.7,"2 THOMPSON ROAD NORTH GEELONG  VIC 3215","Hotel","V9310079","Country","67","67"
411,"SPORTING LEGENDS CLUB",3288746.18,0,0,3102532.55,3249556.63,6352089.18,"233 YORK STREET SALE    VIC 3850","Club","V9410195","Country","70","74"
412,"SPORTSPARK GAMING AND ENTERTAINMENT CENTRE",1254245.58,0,0,1487791.08,1340753.24,2828544.32,"CNR GREVILLEA ROAD &amp; DOWLING STREET WENDOUREE    VIC 3355","Club","V9310069","Country","35","35"
413,"SPRINGVALE RSL CLUB",1886951.55,0,0,2105450.09,1870372.18,3975822.27,"23 OSBORNE AVENUE SPRINGVALE   VIC 3171","Club","V98095071","Metropolitan","44","55"
414,"SS &amp; A WODONGA",0,0,0,3462.78,0,3462.78,"CLUB HOUSE PLACE WODONGA WEST 3690","Club","V06095984","Country","0","60"
415,"ST ALBANS HOTEL",5371642.65,0,0,5637238.04,5461733.41,11098971.45,"5 MCKECHNIE STREET ST ALBANS   VIC 3021","Hotel","V98095066","Metropolitan","50","50"
416,"ST ALBANS SPORTS CLUB",2767912.82,0,0,2476800.57,2577710.62,5054511.19,"KINGS PARK RESERVE, GILLESPIE ROAD ST ALBANS   VIC 3021","Club","V9410067","Metropolitan","35","35"
417,"ST ARNAUD SPORTING CLUB",834630.89,0,0,957605.34,842474.84,1800080.18,"LORD NELSON PARK, CHARLTON ROAD ST ARNAUD   VIC 3478","Club","V9510022","Country","35","35"
418,"ST GEORGE WORKERS CLUB",1674507.31,0,0,1816268.44,1703971.89,3520240.33,"212 PAKINGTON STREET GEELONG WEST   VIC 3218","Club","V9610090","Country","35","35"
419,"ST IVES BIERE CAFE",45879.3,0,0,0,0,0,"64 LINCOLN CAUSEWAY WODONGA 3691","Hotel","V09096283","Country","30","30"
420,"ST KILDA ARMY &amp; NAVY CLUB",1113921.8,0,0,1229259.64,1041048.13,2270307.77,"88 ACLAND STREET ST KILDA   VIC 3182","Club","V99095287","Metropolitan","60","60"
421,"ST KILDA FOOTBALL SOCIAL CLUB",1105745.65,0,0,1304234.87,1078576.97,2382811.84,"9 LINTON STREET MOORABBIN   VIC 3189","Club","V9780020","Metropolitan","83","83"
422,"STAMFORD HOTEL",6571766.82,0,0,7794341.23,7179809.06,14974150.29,"CNR STUD &amp; WELLINGTON ROAD ROWVILLE   VIC 3178","Hotel","V98095066","Metropolitan","85","103"
423,"STAR HOTEL (BRIGHT)",495041.42,0,0,618752.4,563752.49,1182504.89,"91 GREAT ALPINE ROAD BRIGHT   VIC 3741","Hotel","V9710066","Country","18","18"
424,"STAR HOTEL (SALE)",NA,NA,NA,NA,NA,NA,"173 RAYMOND STREET SALE   VIC 3850","Hotel","V02095530","Country","23","29"
425,"STAWELL HARNESS RACING CLUB",923661.6,0,0,1090966.31,956503.04,2047469.35,"LAIDLAW PARK, PATRICK STREET STAWELL    VIC 3380","Club","V9510033","Country","30","30"
426,"STEEPLES",NA,NA,NA,NA,NA,NA,"CORNER MORNINGTON-TYABB &amp; RACECOURSE ROAD MORNINGTON   VIC 3931","Club","V9780041","Metropolitan","85","85"
427,"STONEYS CLUB",1410135.28,0,0,1506380.18,1408530.35,2914910.53,"59 GRANT STREET BACCHUS MARSH 3340","Club","V9780041","Country","40","40"
428,"SUGAR GUM HOTEL",3965010.57,0,0,4318070.18,3995764.44,8313834.62,"2 GOURLAY ROAD SYDENHAM 3037","Hotel","V02095472","Metropolitan","50","50"
429,"SUMMERHILL HOTEL",6048092.89,0,0,5350651.53,5206819.63,10557471.16,"SHOP 12, 830 PLENTY ROAD RESERVOIR    VIC 3073","Hotel","V9510029","Metropolitan","88","100"
430,"SUNBURY BOWLING CLUB",1997630.73,0,0,2112717.1,1953305.4,4066022.5,"49 RIDDELL ROAD SUNBURY   VIC 3429","Club","V9780032","Metropolitan","78","78"
431,"SUNBURY FOOTBALL SOCIAL CLUB",934734.55,0,0,1011858.3,904859.41,1916717.71,"CLARKE OVAL, RIDDELL ROAD SUNBURY    VIC 3429","Club","V9310078","Metropolitan","38","38"
432,"SUNBURY UNITED SPORTING CLUB",934843.45,0,0,967915.84,895634.39,1863550.23,"LANGAMA PARK, MITCHELLS LANE SUNBURY 3429","Club","V9710050","Metropolitan","27","27"
433,"SUNSHINE CITY CLUB",303485.45,0,0,382546.38,285220.85,667767.23,"24 TALMAGE STREET SUNSHINE  VIC 3020","Club","V9410009","Metropolitan","23","23"
434,"SUNSHINE RSL",1236189.71,0,0,1270959.83,1254258.99,2525218.82,"99 DICKSON STREET SUNSHINE 3020","Club","V99095256","Metropolitan","60","60"
435,"SWAN HILL CLUB",1062952.26,0,0,1070527.28,1006423.22,2076950.5,"5 - 17 MCCALLUM STREET SWAN HILL    VIC 3585","Club","V12100003","Country","35","35"
436,"SWAN HILL RSL",906326.1,0,0,862138.85,848843.32,1710982.17,"138 CURLEWIS STREET SWAN HILL   VIC 3585","Club","V01095404","Country","35","35"
437,"SYLVANIA HOTEL",6370091.94,0,0,6583194.16,6541618.72,13124812.88,"1631 SYDNEY ROAD CAMPBELLFIELD    VIC 3061","Hotel","V98095066","Metropolitan","75","87"
438,"TABCORP PARK",3353061.85,0,0,3818808.27,3415272.71,7234080.98,"2 FERRIS ROAD MELTON SOUTH 3338","Club","V05095936","Metropolitan","80","80"
439,"TANKERVILLE ARMS HOTEL",3265927,0,0,3590601.07,3328919.47,6919520.54,"230 NICHOLSON STREET FITZROY    VIC 3065","Hotel","V9610005","Metropolitan","49","49"
440,"TAYLORS LAKES FAMILY HOTEL",7897857.54,0,0,8081701.19,7294996.17,15376697.36,"LOTS 7 &amp; 8 KEILOR-MELTON ROAD TAYLORS LAKES   VIC 3038","Hotel","V9780043","Metropolitan","105","105"
441,"TEMPLESTOWE HOTEL",3807660.91,0,0,3817659.98,3678237.97,7495897.95,"23-29 PARKER STREET LOWER TEMPLESTOWE 3107","Hotel","V05095887","Metropolitan","50","60"
442,"THE BAY &amp; BRIDGE HOTEL",NA,NA,NA,NA,NA,NA,"316 BAY STREET PORT MELBOURNE 3207","Hotel","V13100021","Metropolitan","0","29"
443,"THE BEACH",1231292.86,0,0,1265642.79,1214683.94,2480326.73,"97 BEACONSFIELD PARADE ALBERT PARK   VIC 3206","Hotel","V09096290","Metropolitan","32","32"
444,"THE BENDIGO CLUB",1355059.94,0,0,1436015.34,1358755.13,2794770.47,"22 PARK STREET BENDIGO   VIC 3550","Club","V9210185","Country","44","44"
445,"THE BOROUGH CLUB",1601341.06,0,0,1676588.14,1486334.99,3162923.13,"2-4 HIGH STREET EAGLEHAWK   VIC 3556","Club","V9610010","Country","40","40"
446,"THE BRIDGE HOTEL",1399306.8,0,0,1636438.63,1480022.73,3116461.36,"1 NEPEAN HIGHWAY MORDIALLOC   VIC 3195","Hotel","V9210085","Metropolitan","50","50"
447,"THE BROOK ON SNEYDES",3546208.42,0,0,3594738.45,3385951.63,6980690.08,"215 SNEYDES ROAD POINT COOK 3030","Club","V00095315","Metropolitan","80","80"
448,"THE BRUNSWICK CLUB",820770.11,0,0,850224.43,788841.97,1639066.4,"203 SYDNEY ROAD BRUNSWICK     VIC 3056","Club","V9310092","Metropolitan","43","43"
449,"THE CHASE HOTEL",6696104.23,0,0,6402924.12,6485629.23,12888553.35,"TENANCY 304 LEVEL 3, 270 CANTERBURY ROAD FOREST HILL   VIC 3131","Hotel","V9410083","Metropolitan","90","90"
450,"THE CLUB",2912268.04,0,0,2839567.36,2694252.62,5533819.98,"1312 - 1322  WESTERN HIGHWAY CAROLINE SPRINGS     VIC 3023","Club","V9780033","Metropolitan","60","60"
451,"THE COACH AND HORSES",1919765.73,0,0,2451470.85,2087053.45,4538524.3,"33 WHITEHORSE ROAD RINGWOOD 3134","Club","V9780033","Metropolitan","80","80"
452,"The Continental Hotel",NA,NA,NA,NA,NA,NA,"5-6 The Esplanade Cowes 3922","Hotel","V9310114","Country","27","27"
453,"THE COVE HOTEL",3214528.33,0,0,3122256.57,3047799.44,6170056.01,"THE MARINA, MCLEOD ROAD PATTERSON LAKES  VIC 3197","Hotel","V03095674","Metropolitan","53","53"
454,"THE ELSTERNWICK CLUB",1257931.78,0,0,1279415.75,1257492.73,2536908.48,"19 SANDHAM STREET ELSTERNWICK   VIC 3185","Club","V9510020","Metropolitan","32","32"
455,"THE FOUNDRY HOTEL COMPLEX",315811.17,0,0,0,0,0,"366 HIGH STREET BENDIGO 3555","Hotel","V09096287","Country","25","25"
457,"THE JIM DANDY HOTEL",1471175.44,0,0,1641097.97,1437562.19,3078660.16,"193 LONSDALE STREET DANDENONG   VIC 3175","Hotel","V05095916","Metropolitan","30","30"
458,"THE LAKES ENTERTAINMENT CENTRE",1050797.32,0,0,1160846.27,1232893.72,2393739.99,"38 CHURCH STREET LAKES ENTRANCE 3909","Club","V07096084","Country","41","41"
459,"THE MEETING PLACE",2773683.34,0,0,2917298.7,2769340.21,5686638.91,"315-321 ELIZABETH STREET MELBOURNE    VIC 3000","Club","V9510030","Metropolitan","56","56"
460,"THE MOONEE PONDS CLUB",970763.42,0,0,1090859.29,912808.37,2003667.66,"622 MT ALEXANDER ROAD MOONEE PONDS   VIC 3039","Club","V9210105","Metropolitan","50","50"
461,"THE OLD TOWN 'N' COUNTRY TAVERN",808401.52,0,0,841183.46,742306.02,1583489.48,"CNR GRETA ROAD &amp; MASON STREET WANGARATTA   VIC 3677","Hotel","V09096317","Country","29","29"
462,"THE ORBOST CLUB",414066.7,0,0,462548.57,475465.72,938014.29,"67-69 GLADSTONE STREET ORBOST  VIC 3888","Club","V9410026","Country","24","24"
463,"THE PHOENIX HOTEL",NA,NA,NA,NA,NA,NA,"22 WALLACE AVENUE POINT COOK 3030","Hotel","V07096003","Metropolitan","50","50"
464,"THE PRINCE OF WALES HOTEL - RICHMOND",2591772.07,0,0,2539480.44,2494032.55,5033512.99,"109 CHURCH STREET RICHMOND    VIC 3121","Hotel","V05095881","Metropolitan","40","40"
465,"THE REX",2971551.3,0,0,3039502.21,2772789.66,5812291.87,"145 BAY STREET PORT MELBOURNE 3207","Club","V9710056","Metropolitan","57","57"
466,"THE RICHMOND HENTY HOTEL, PORTLAND",1278158.69,0,0,1501007.65,1496588.27,2997595.92,"101 BENTINCK STREET PORTLAND   VIC 3305","Hotel","V9780028","Country","32","32"
467,"THE ROYAL HOTEL FERNTREE GULLY",4335172.44,0,0,4821700.1,4443456.79,9265156.89,"1208 BURWOOD HIGHWAY FERNTREE GULLY   VIC 3156","Hotel","V98095066","Metropolitan","70","90"
468,"THE SALE RSL &amp; COMMUNITY SUB-BRANCH",544574.1,0,0,591754.27,552301.28,1144055.55,"143 YORK STREET SALE 3850","Club","V00095371","Country","36","36"
469,"THE SETTLEMENT AT CRANBOURNE",3723939.41,0,0,4069295.73,3640344.48,7709640.21,"CNR SOUTH GIPPSLAND HIGHWAY &amp; CAMMS ROAD CRANBOURNE   VIC 3977","Hotel","V9410066","Metropolitan","44","52"
470,"THE TIGERS CLUBHOUSE",4726882.19,0,0,4502172.88,4213051.06,8715223.94,"70 OLD GEELONG ROAD HOPPERS CROSSING 3029","Club","V99095217","Metropolitan","75","75"
471,"THE VALE HOTEL",4442325.29,0,0,4707504.42,4283930.2,8991434.62,"2277 DANDENONG ROAD MULGRAVE 3170","Hotel","V98095066","Metropolitan","56","56"
472,"THE VIC INN",1544438.96,0,0,2029649.05,1718766.19,3748415.24,"65-67 DOUGLAS PARADE WILLIAMSTOWN   VIC 3016","Club","V00095320","Metropolitan","60","60"
473,"THE YARRAM COUNTRY CLUB",1254890.08,0,0,1461723.82,1311807.87,2773531.69,"322-340 COMMERCIAL ROAD YARRAM 3971","Club","V01095395","Country","37","37"
474,"TOORADIN &amp; DISTRICT SPORTS CLUB",1028608.76,0,0,1381228.41,1261448.37,2642676.78,"RECREATION RESERVE, SOUTH GIPPSLAND HIGHWAY TOORADIN   VIC 3980","Club","V9310075","Metropolitan","42","42"
475,"TORQUAY GOLF CLUB",183503.28,0,0,502135.78,375934,878069.78,"1 THE GREAT OCEAN ROAD TORQUAY   VIC 3228","Club","V08096167","Country","40","40"
476,"TORQUAY HOTEL",535659.95,0,0,531650.97,507896.64,1039547.61,"36 BELL STREET TORQUAY   VIC 3228","Hotel","V09096289","Country","15","15"
477,"TOWER HOTEL",1189643.46,0,0,1360605.81,1276833.99,2637439.8,"686 BURWOOD ROAD EAST HAWTHORN 3123","Hotel","V00095321","Metropolitan","25","25"
478,"TOWN HALL HOTEL STAWELL",830789.91,0,0,914695.41,832776.41,1747471.82,"62-68 MAIN STREET STAWELL    VIC 3380","Hotel","V9510061","Country","23","23"
479,"TRARALGON BOWLS CLUB",2368040.74,0,0,2473470,2444478.83,4917948.83,"CNR GWALIA STREET &amp; LIDDIARD ROAD TRARALGON   VIC 3844","Club","V9210178","Country","59","59"
480,"TRARALGON RSL",1007653.88,0,0,1187656.32,979371.86,2167028.18,"109-115 GREY STREET TRARALGON   VIC 3844","Club","V9710068","Country","37","37"
481,"TRIOS SPORTS CLUB",3658901.04,0,0,3671706.94,3551907.27,7223614.21,"30 GRANT STREET CRANBOURNE 3977","Club","V99095231","Metropolitan","75","75"
482,"TUDOR INN HOTEL",3204937.67,0,0,3584429.75,3412765.88,6997195.63,"1281 NEPEAN HIGHWAY CHELTENHAM    VIC 3192","Hotel","V98095066","Metropolitan","47","56"
483,"UNION CLUB HOTEL",1400920.39,0,0,1485431.01,1376527.03,2861958.04,"110 MURRAY STREET COLAC   VIC 3250","Hotel","V00095339","Country","22","22"
484,"UPPER YARRA RSL",628674.68,0,0,745173.83,653284.63,1398458.46,"119 SETTLEMENT ROAD YARRA JUNCTION  VIC 3797","Club","V98095142","Metropolitan","30","30"
485,"VAUCLUSE HOTEL",2121357.95,0,0,2144608.04,1803877.47,3948485.51,"157 SWAN STREET RICHMOND 3121","Hotel","V12100007","Metropolitan","31","31"
486,"VEGAS AT WAVERLEY GARDENS",5931639.25,0,0,6020764.16,5663661.38,11684425.54,"SHOP 122, WAVERLEY GARDENS SHOPPING CENTRE MULGRAVE    VIC 3170","Club","V00095377","Metropolitan","75","75"
487,"VENETO CLUB",3327731.61,0,0,3253398.15,3190231.8,6443629.95,"191 BULLEEN ROAD BULLEEN   VIC 3105","Club","V9780012","Metropolitan","90","90"
488,"VICTORIA HOTEL (SHEPPARTON)",2623931.26,0,0,2780490.32,2702756.84,5483247.16,"CNR WYNDHAM &amp; FRYERS STREETS SHEPPARTON    VIC 3630","Hotel","V98095066","Country","40","45"
489,"VICTORIA ON HYDE HOTEL",1160247.92,0,0,1366690.65,1274254.89,2640945.54,"188 HYDE STREET YARRAVILLE   VIC 3013","Hotel","V09096265","Metropolitan","24","24"
490,"VICTORIAN HARNESS RACING SPORTS CLUB",2771730.02,0,0,2993244.05,2474937.3,5468181.35,"740 MT ALEXANDER ROAD MOONEE PONDS   VIC 3039","Club","V9810086","Metropolitan","80","80"
491,"VICTORIAN TAVERN",2863772.02,0,0,2783300.88,2529899.8,5313200.68,"22 AITKEN STREET GISBORNE  VIC 3437","Hotel","V11100001","Country","42","42"
492,"VILLAGE BELLE HOTEL",1081868.8,0,0,1404305.63,1218008.88,2622314.51,"202 BARKLY STREET ST KILDA    VIC 3182","Hotel","V06095977","Metropolitan","31","31"
493,"VILLAGE GREEN HOTEL",6684790.25,0,0,7610601.41,7135767.39,14746368.8,"CNR SPRINGVALE &amp; FERNTREE GULLY ROAD MULGRAVE   VIC 3170","Hotel","V98095066","Metropolitan","75","79"
494,"VINE HOTEL RICHMOND",1764894.34,0,0,1474930.66,1606441.06,3081371.72,"254 BRIDGE ROAD RICHMOND   VIC 3121","Hotel","V04095738","Metropolitan","26","26"
495,"WALTZING MATILDA HOTEL",5457781.72,0,0,6450516.14,5916816.05,12367332.19,"856 - 868 HEATHERTON ROAD SPRINGVALE   VIC 3171","Hotel","V98095066","Metropolitan","68","80"
496,"WANGARATTA CLUB",537115.12,0,0,549388.73,465458.74,1014847.47,"4 VICTORIA PARADE WANGARATTA   VIC 3677","Club","V9610093","Country","25","25"
497,"WANGARATTA RSL",793858.66,0,0,870584.09,791786.66,1662370.75,"VICTORIA PARADE WANGARATTA   VIC 3677","Club","V9710053","Country","32","32"
498,"WANTIRNA CLUB",2283174.16,0,0,2453543.17,2265907.24,4719450.41,"350 STUD ROAD WANTIRNA   VIC 3152","Club","V9710071","Metropolitan","87","87"
499,"WANTIRNA HILL CLUB",1828738.02,0,0,2027819.59,1968617.61,3996437.2,"715 BORONIA ROAD WANTIRNA 3152","Club","V99095270","Metropolitan","60","60"
500,"WARRAGUL CLUB",2772553.18,0,0,3053532.79,2976686.78,6030219.57,"55 VICTORIA STREET WARRAGUL   VIC 3820","Club","V9780001","Country","80","80"
501,"WARRAGUL COUNTRY CLUB",1521029.88,0,0,1599137.38,1507388.67,3106526.05,"41 SUTTON STREET WARRAGUL    VIC 3820","Club","V9410173","Country","56","60"
502,"WARRNAMBOOL BOWLS CLUB",1809941.69,0,0,1912145.44,1928809.11,3840954.55,"75 TIMOR STREET WARRNAMBOOL    VIC 3280","Club","V9410127","Country","40","45"
503,"WARRNAMBOOL FOOTBALL CLUB SOCIAL CLUB",1665465.36,0,0,2047559.92,1964339.04,4011898.96,"CRAMER STREET WARRNAMBOOL   VIC 3280","Club","V9210188","Country","40","51"
504,"WARRNAMBOOL RSL",326512.32,0,0,440373.87,391164.82,831538.69,"CORNER LIEBIG &amp; MERRI STREET WARRNAMBOOL   VIC 3280","Club","V99095245","Country","24","24"
505,"WATERGARDENS HOTEL",7217191.56,0,0,7873223.29,7199175.49,15072398.78,"431 KINGS ROAD TAYLORS LAKES 3038","Hotel","V99095195","Metropolitan","76","76"
506,"WATERLOO CUP HOTEL",4556334.09,0,0,5133610.71,4382383.84,9515994.55,"252 MARIBYRNONG ROAD MOONEE PONDS   VIC 3039","Hotel","V05095887","Metropolitan","70","70"
507,"WATSONIA RSL",3255688.38,0,0,3155894.27,3086161.92,6242056.19,"6 MORWELL AVENUE WATSONIA   VIC 3087","Club","V98095108","Metropolitan","83","83"
508,"WAURN PONDS HOTEL",1984482.6,0,0,1535989.06,1935610.66,3471599.72,"PRINCES HIGHWAY WAURN PONDS    VIC 3216","Hotel","V06095968","Country","70","70"
509,"WAVERLEY RSL CLUB",1438451.97,0,0,1620095.95,1433793.07,3053889.02,"CNR COLEMAN PDE &amp; GLENDALE STREET GLEN WAVERLEY   VIC 3150","Club","V98095055","Metropolitan","67","67"
511,"WERRIBEE PLAZA TAVERN",9756961.36,0,0,10977968.88,10026341.19,21004310.07,"CNR DERRIMUT AND HEATH ROADS WERRIBEE    VIC 3030","Hotel","V98095066","Metropolitan","80","80"
512,"WERRIBEE RSL",1635507.39,0,0,1876911.28,1729150.15,3606061.43,"KELLY PARK, SYNOTT STREET WERRIBEE   VIC 3030","Club","V9710028","Metropolitan","60","60"
513,"WEST HEIDELBERG RSL",421014.3,0,0,385416.33,398004,783420.33,"180 BELL STREET WEST HEIDELBERG   VIC 3081","Club","V07096006","Metropolitan","31","31"
514,"WEST SIDE HORSHAM",961112.69,0,0,933316.18,827970.86,1761287.04,"BENNETT ROAD HORSHAM    VIC 3401","Club","V08096104","Country","34","34"
515,"WEST WATERS HOTEL",NA,NA,NA,NA,NA,NA,"10-20 LAKE STREET CAROLINE SPRINGS 3023","Hotel","V08096138","Metropolitan","80","80"
516,"WESTEND MARKET HOTEL",7998078.7,0,0,9343933.46,8506940.79,17850874.25,"47 MCINTYRE ROAD SUNSHINE   VIC 3020","Hotel","V01095411","Metropolitan","78","88"
517,"WESTERNPORT HOTEL",2131040.48,0,0,2276749.91,2082571.45,4359321.36,"CORNER SALMON &amp; HIGH STREETS HASTINGS   VIC 3915","Hotel","V04095750","Metropolitan","40","40"
518,"WESTMEADOWS TAVERN",2246278.6,0,0,2802775.97,2425980.62,5228756.59,"10 ARDLIE STREET WESTMEADOWS   VIC 3049","Hotel","V98095066","Metropolitan","40","42"
519,"WESTSIDE TAVERNER",5471113.4,0,0,6250851.67,5602093.43,11852945.1,"3-5 FITZGERALD ROAD LAVERTON NORTH   VIC 3026","Hotel","V98095066","Metropolitan","68","70"
520,"WHALERS HOTEL",1315860.11,0,0,1564766.17,1503390.54,3068156.71,"53 LIEBIG STREET WARRNAMBOOL   VIC 3280","Hotel","V07096004","Country","34","45"
521,"WHEELERS HILL HOTEL",2415041.78,0,0,2827292,2624566.7,5451858.7,"871-891 FERNTREE GULLY ROAD WHEELERS HILL   VIC 3150","Hotel","V98095066","Metropolitan","40","50"
522,"WHITTLESEA BOWLS CLUB",1396085.2,0,0,1454784.97,1428546.7,2883331.67,"101 CHURCH STREET WHITTLESEA   VIC 3757","Club","V9510070","Metropolitan","50","50"
523,"WILLIAMSTOWN RSL",556219.03,0,0,660459.61,611252.46,1271712.07,"128 FERGUSON STREET WILLIAMSTOWN   VIC 3016","Club","V99095274","Metropolitan","42","42"
524,"WINDERMERE HOTEL",3014884.63,0,0,3208428.9,2976809.31,6185238.21,"112 HIGH STREET KANGAROO FLAT   VIC 3555","Hotel","V06095964","Country","40","40"
525,"WONTHAGGI CLUB",2671311.96,0,0,3103778.03,2721369.85,5825147.88,"16 MCBRIDE AVENUE WONTHAGGI   VIC 3995","Club","V9410084","Country","68","68"
526,"WONTHAGGI GOLF CLUB",217230.43,0,0,278877.51,244825.85,523703.36,"MCKENZIE STREET WONTHAGGI    VIC 3995","Club","V9410084","Country","15","15"
527,"WONTHAGGI WORKMEN'S CLUB",2142808.11,0,0,2435600.26,2429165.13,4864765.39,"75 GRAHAM STREET WONTHAGGI   VIC 3995","Club","V9310100","Country","48","55"
528,"YALLOURN BOWLING CLUB",695489.13,0,0,756659.02,677061.02,1433720.04,"CNR MONASH &amp; COACH ROADS NEWBOROUGH    VIC 3825","Club","V9410148","Country","23","23"
529,"YARRA VALLEY COUNTRY CLUB",2296370.62,0,0,2866969.73,2446683.57,5313653.3,"9 - 15 TEMPLESTOWE ROAD BULLEEN   VIC 3105","Club","V9310130","Metropolitan","70","100"
530,"YARRAVILLE-FOOTSCRAY BOWLING CLUB",1135867.83,0,0,1190986.02,1078436.16,2269422.18,"CNR FRANCIS &amp; HAWKHURST STREET YARRAVILLE    VIC 3013","Club","V9410034","Metropolitan","29","29"
531,"YARRAVILLE CLUB",1855619.38,0,0,2082362.06,1845332.45,3927694.51,"135 STEPHEN STREET YARRAVILLE   VIC 3013","Club","V9310121","Metropolitan","78","78"
532,"YARRAVILLE CLUB CRICKET CLUB",6630313.36,0,0,5741656.99,5964868.73,11706525.72,"CORNER BALLARAT &amp; ROSAMOND ROADS MAIDSTONE VIC 3012","Club","V9310008","Metropolitan","76","76"
533,"YORK ON LILYDALE TAVERNER RESORT",3838223.29,0,0,3986376.56,3627299.25,7613675.81,"CNR YORK &amp; SWANSEA ROADS MT EVELYN   VIC 3796","Hotel","V98095066","Metropolitan","72","72"
534,"ZAGAME'S BALLARAT CLUB HOTEL",5214870.32,0,0,5583294.72,5089264.26,10672558.98,"629 - 643 MAIN ROAD BALLARAT 3350","Hotel","V9410113","Country","105","105"
535,"ZAGAME'S CARDINIA HOTEL",NA,NA,NA,NA,NA,NA,"108 PRINCES HIGHWAY PAKENHAM 3810","Hotel","V13100020","Metropolitan","50","50"
536,"ZAGAME'S CAULFIELD CLUB HOTEL",5965014.38,0,0,6510835.06,5665242.87,12176077.93,"25 DERBY ROAD CAULFIELD EAST   VIC 3145","Hotel","V9510066","Metropolitan","100","100"
537,"ZAGAME BORONIA",5140367.25,0,0,5530605.15,5179769.7,10710374.85,"112 BORONIA ROAD BORONIA   VIC 3155","Hotel","V9510055","Metropolitan","80","80"
